// Auto-generated by compress_web_page.py — do not edit
// Original: 95241 bytes, gzipped: 20805 bytes
static const uint32_t WEB_PAGE_GZ_LEN = 20805;
static const uint8_t WEB_PAGE_GZ[] = {
    0x1f, 0x8b, 0x08, 0x00, 0xf6, 0xc4, 0x36, 0x6a, 0x02, 0xff, 0xe5, 0xbd, 0xeb, 0x92, 0x1b, 0xc7,
    0xb1, 0x20, 0xfc, 0x2a, 0x2d, 0x2a, 0xc4, 0x06, 0x3c, 0x00, 0x06, 0x97, 0xc1, 0x5c, 0x00, 0x62,
    0x78, 0x68, 0x4a, 0xb4, 0xf4, 0xd9, 0xb2, 0x18, 0x87, 0x5c, 0xfb, 0x6c, 0xc8, 0xfa, 0x26, 0x7a,
    0x80, 0xc6, 0xa0, 0xcd, 0x06, 0x1a, 0xa7, 0xbb, 0x31, 0x33, 0xf4, 0x70, 0x1c, 0xa4, 0x68, 0x4b,
    0xf6, 0x4a, 0x47, 0x3c, 0xba, 0xec, 0xb1, 0xc3, 0x7b, 0x74, 0xf5, 0x59, 0xef, 0x8f, 0x8d, 0xd8,
    0x1d, 0x51, 0x1c, 0x6b, 0xc4, 0x9b, 0x22, 0xbc, 0x2f, 0x80, 0x79, 0x05, 0x3d, 0xc1, 0xf7, 0x08,
    0x5f, 0x66, 0x56, 0x55, 0x77, 0x55, 0x5f, 0x80, 0xc6, 0x0c, 0x48, 0x49, 0x5e, 0x9b, 0xc2, 0x00,
    0xdd, 0x55, 0x59, 0xb7, 0xcc, 0xac, 0xcc, 0xac, 0xac, 0xcc, 0x73, 0xcf, 0x3c, 0xff, 0xca, 0xc5,
    0xab, 0xff, 0xf9, 0xf2, 0x0b, 0x5a, 0xcf, 0xef, 0xdb, 0xeb, 0xe7, 0xf0, 0x53, 0xb3, 0x8d, 0xc1,
    0x56, 0x4b, 0x77, 0x47, 0x3a, 0xfc, 0x36, 0x8d, 0xce, 0xfa, 0xb9, 0xbe, 0xe9, 0x1b, 0x5a, 0xbb,
    0x67, 0xb8, 0x9e, 0xe9, 0xb7, 0xf4, 0xff, 0x74, 0xf5, 0x52, 0x71, 0x55, 0xe7, 0x4f, 0x07, 0x46,
    0xdf, 0x6c, 0xe9, 0xdb, 0x96, 0xb9, 0x33, 0x74, 0x5c, 0x5f, 0xd7, 0xda, 0xce, 0xc0, 0x37, 0x07,
    0x50, 0x6a, 0xc7, 0xea, 0xf8, 0xbd, 0x56, 0xc7, 0xdc, 0xb6, 0xda, 0x66, 0x91, 0x7e, 0x14, 0xac,
    0x81, 0xe5, 0x5b, 0x86, 0x5d, 0xf4, 0xda, 0x86, 0x6d, 0xb6, 0x2a, 0x00, 0xc2, 0xb7, 0x7c, 0xdb,
    0x5c, 0xff, 0xa1, 0xb1, 0x6b, 0x69, 0x9d, 0x91, 0x53, 0xf4, 0xcd, 0x36, 0x00, 0xe8, 0x0f, 0x8d,
    0xb6, 0x7f, 0x6e, 0x91, 0xbd, 0x3b, 0xe7, 0xf9, 0xd7, 0xe1, 0xcf, 0x0f, 0xf6, 0x36, 0x9d, 0xdd,
    0xa2, 0x67, 0xfd, 0xca, 0x1a, 0x6c, 0x35, 0x36, 0x1d, 0xb7, 0x63, 0xba, 0x45, 0x78, 0xd2, 0xec,
    0x1b, 0xee, 0x96, 0x35, 0x68, 0x94, 0x9b, 0x43, 0xa3, 0xd3, 0xc1, 0x77, 0xe5, 0xfd, 0x4d, 0xa7,
    0x73, 0x7d, 0xaf, 0x0b, 0xdd, 0x28, 0x76, 0x8d, 0xbe, 0x65, 0x5f, 0x6f, 0x5c, 0x70, 0xa1, 0xd1,
    0x82, 0x67, 0x0c, 0xbc, 0xa2, 0x67, 0xba, 0x56, 0xb7, 0xb9, 0x69, 0xb4, 0xaf, 0x6d, 0xb9, 0xce,
    0x68, 0xd0, 0x69, 0x3c, 0x5b, 0x31, 0x2a, 0x46, 0xd5, 0x6c, 0xb6, 0x1d, 0xdb, 0x71, 0x1b, 0xcf,
    0x9a, 0xa6, 0xd9, 0xec, 0x5b, 0x83, 0x62, 0xcf, 0xb4, 0xb6, 0x7a, 0x7e, 0xa3, 0x52, 0x2e, 0x6f,
    0xf7, 0xf6, 0x4b, 0x38, 0x09, 0xa6, 0xbb, 0xa7, 0x54, 0x5b, 0xae, 0x56, 0x6a, 0x66, 0xd0, 0x6a,
    0x65, 0x79, 0xb8, 0xab, 0x55, 0x97, 0x86, 0xbb, 0xcd, 0xa0, 0x6f, 0xbe, 0xef, 0xf4, 0x1b, 0x55,
    0x78, 0xec, 0x39, 0xb6, 0xd5, 0xd1, 0x9e, 0x2d, 0x77, 0x6b, 0x4b, 0xcb, 0x65, 0x01, 0x4c, 0xeb,
    0x55, 0x58, 0x1f, 0x61, 0x48, 0x66, 0xa3, 0x52, 0xaa, 0x99, 0xfd, 0xa0, 0x0f, 0x6b, 0x4b, 0x75,
    0xa9, 0x60, 0xc9, 0x1b, 0x6d, 0x4a, 0x45, 0x4b, 0xab, 0x61, 0x49, 0xc3, 0x30, 0xf8, 0x04, 0x14,
    0x7d, 0x67, 0x88, 0x8d, 0xed, 0x97, 0x70, 0xfe, 0x0d, 0x6b, 0x00, 0xdd, 0xed, 0x1b, 0xbb, 0x6c,
    0xde, 0x1b, 0x6b, 0xe5, 0xf2, 0x30, 0x9c, 0x2a, 0xcd, 0x18, 0xf9, 0x8e, 0xd2, 0xf3, 0xfd, 0xd2,
    0x96, 0x6b, 0x75, 0xf6, 0x3a, 0x96, 0x37, 0xb4, 0x8d, 0xeb, 0x0d, 0xfc, 0xd1, 0xc4, 0x0f, 0x58,
    0x8f, 0x3e, 0x3c, 0xf1, 0xcd, 0x22, 0x34, 0x38, 0xea, 0x0f, 0xbc, 0x86, 0x6b, 0x0e, 0x4d, 0xc3,
    0xcf, 0xd5, 0x0b, 0x95, 0xae, 0x9b, 0x6f, 0x6e, 0x19, 0xc3, 0xc6, 0x6a, 0x00, 0x59, 0x8c, 0x99,
    0x20, 0xfe, 0x43, 0xdf, 0xec, 0x58, 0x46, 0x2e, 0xec, 0xc3, 0x32, 0xf6, 0x21, 0xbf, 0xc7, 0x5a,
    0x9a, 0x08, 0xbc, 0x46, 0xc0, 0x61, 0x24, 0xbe, 0x6b, 0x17, 0x5d, 0x67, 0x67, 0xaf, 0x6b, 0x9b,
    0xbb, 0xc5, 0x8e, 0xe5, 0x9a, 0x6d, 0xdf, 0x72, 0x06, 0x0d, 0x56, 0xbc, 0x69, 0xd8, 0xd6, 0xd6,
    0xa0, 0x68, 0x01, 0x14, 0xaf, 0xe1, 0xf9, 0xae, 0xe9, 0xb7, 0x7b, 0xa2, 0x43, 0x61, 0x5d, 0x40,
    0xe5, 0x4d, 0xd3, 0x26, 0x08, 0x8d, 0x81, 0x33, 0x30, 0x83, 0xb5, 0x0c, 0x86, 0x8f, 0x2b, 0xc4,
    0xe6, 0x20, 0x9c, 0xb9, 0xe0, 0x65, 0x99, 0x9e, 0x1b, 0x6e, 0x27, 0xe1, 0x91, 0x56, 0xda, 0x36,
    0xec, 0x91, 0xa9, 0xac, 0xe2, 0x92, 0xd9, 0xdf, 0xe7, 0x15, 0x12, 0x90, 0x85, 0xa3, 0x86, 0x6b,
    0x74, 0xac, 0x91, 0x47, 0x13, 0x27, 0x2f, 0x02, 0x7f, 0xdd, 0xa8, 0xc4, 0x51, 0x86, 0x9a, 0xeb,
    0xd5, 0x26, 0x60, 0x81, 0x6f, 0xee, 0xfa, 0x45, 0xdf, 0x05, 0x14, 0xef, 0x3a, 0x6e, 0xbf, 0x31,
    0x1a, 0x0e, 0x4d, 0xb7, 0x6d, 0x78, 0x66, 0x64, 0x69, 0x56, 0x27, 0x75, 0x1e, 0x41, 0xd2, 0xef,
    0x1d, 0x86, 0xfc, 0x9b, 0x8e, 0xdd, 0x11, 0x6d, 0x2c, 0x75, 0xdb, 0xb5, 0xee, 0x8a, 0xa8, 0x3b,
    0x02, 0x3a, 0x9e, 0x8e, 0x92, 0xb6, 0xd9, 0xf5, 0x1b, 0x4b, 0xd8, 0xa2, 0xe7, 0x1b, 0xfe, 0xc8,
    0xa3, 0xb5, 0x14, 0x38, 0x86, 0x2b, 0x12, 0xe0, 0x0f, 0x2d, 0xf0, 0x8e, 0x0b, 0xbf, 0xf0, 0x23,
    0x09, 0x9d, 0x4a, 0x9b, 0x46, 0x67, 0xcb, 0x0c, 0x56, 0x01, 0xa9, 0xad, 0x22, 0x51, 0x1b, 0x9f,
    0xd2, 0x2a, 0xa2, 0xb9, 0xdc, 0xaf, 0x7a, 0xc2, 0x90, 0x38, 0xac, 0x92, 0x33, 0x50, 0xd7, 0x68,
    0xb3, 0x6e, 0x56, 0xcb, 0xc1, 0x30, 0xea, 0x9d, 0x65, 0x63, 0x25, 0x61, 0x49, 0x6a, 0xab, 0xab,
    0x66, 0xad, 0x1d, 0xc0, 0xe8, 0x76, 0x15, 0x20, 0xb5, 0x95, 0xa5, 0x95, 0xa5, 0xae, 0x00, 0xb2,
    0x56, 0x36, 0x96, 0x0c, 0x33, 0x01, 0x48, 0x7d, 0x69, 0xd9, 0x5c, 0x31, 0x04, 0x90, 0x1d, 0xc3,
    0x55, 0xbb, 0x62, 0x2e, 0xd7, 0x81, 0xf1, 0x08, 0x28, 0xdd, 0x6e, 0xbb, 0xbd, 0x5a, 0x4e, 0x80,
    0xd2, 0xad, 0xaf, 0xb4, 0xcb, 0x80, 0x1d, 0x1e, 0xa3, 0x8b, 0x19, 0x31, 0xae, 0x1a, 0xa7, 0xdb,
    0xf2, 0x44, 0x24, 0xe4, 0xcd, 0x68, 0xbd, 0xaa, 0xbc, 0xf4, 0x6b, 0xf5, 0x70, 0xed, 0x19, 0x92,
    0xc4, 0x51, 0x4e, 0x34, 0x2a, 0x1e, 0x2d, 0xc7, 0xd8, 0x64, 0x12, 0xce, 0x0b, 0xea, 0x57, 0x30,
    0x46, 0x26, 0xfa, 0x36, 0x6c, 0x33, 0xa6, 0x9b, 0xc2, 0x84, 0xe2, 0x68, 0x95, 0xcc, 0x14, 0xca,
    0x5a, 0x19, 0x30, 0x29, 0x09, 0x6f, 0xf8, 0xa0, 0xda, 0xed, 0xb6, 0x54, 0xd3, 0x1a, 0x0c, 0x47,
    0xfe, 0xab, 0xfe, 0xf5, 0xa1, 0xd9, 0x02, 0x62, 0xdb, 0x32, 0x5f, 0x63, 0x50, 0x2a, 0xb4, 0x69,
    0x30, 0x46, 0x57, 0x21, 0x2c, 0x34, 0xda, 0xd8, 0xbd, 0x62, 0x84, 0xa5, 0x23, 0xcb, 0x2b, 0xf2,
    0x01, 0xed, 0xb1, 0xe2, 0x2b, 0x58, 0x9a, 0xc8, 0x97, 0xc6, 0x26, 0x46, 0x25, 0x13, 0x66, 0x25,
    0x03, 0x61, 0xfa, 0xce, 0xd6, 0x96, 0x0d, 0x04, 0xe2, 0x78, 0x16, 0x31, 0x49, 0xd7, 0x04, 0xd6,
    0x6a, 0x6d, 0x9b, 0x4d, 0x31, 0x7d, 0xd6, 0xc0, 0x06, 0xde, 0x56, 0xdc, 0xb4, 0x9d, 0xf6, 0xb5,
    0x26, 0x67, 0xc9, 0x88, 0x03, 0x7c, 0xa7, 0xab, 0xd1, 0xe6, 0xc1, 0xa0, 0xb0, 0x51, 0xee, 0x39,
    0xb0, 0x0d, 0x5b, 0xfe, 0x75, 0xdc, 0x5b, 0x05, 0x54, 0x63, 0x13, 0x56, 0x69, 0xe4, 0x9b, 0x1c,
    0x40, 0x59, 0xd4, 0x46, 0xf4, 0x80, 0xd5, 0x03, 0xd6, 0x29, 0x9a, 0x9b, 0xd4, 0x8e, 0xb2, 0xff,
    0x32, 0x5a, 0x88, 0x60, 0x2a, 0xf1, 0xc3, 0xf6, 0xc8, 0xf5, 0x60, 0x88, 0x43, 0xc7, 0xa2, 0x19,
    0x21, 0xee, 0xc6, 0xba, 0x11, 0xd6, 0xd7, 0x4a, 0x35, 0xaf, 0x49, 0x92, 0x41, 0xcf, 0xe8, 0x38,
    0x3b, 0x30, 0x4a, 0x90, 0x50, 0xb4, 0x32, 0xfd, 0x1f, 0x39, 0xbb, 0xbb, 0xb5, 0x69, 0xe4, 0xca,
    0x05, 0xfc, 0x7f, 0xa9, 0x5a, 0xcf, 0x17, 0xc4, 0x7b, 0x7c, 0xb7, 0x14, 0x79, 0x5f, 0xcb, 0x37,
    0x63, 0xd3, 0x27, 0xc6, 0xd5, 0xd8, 0x34, 0x81, 0xb1, 0x9a, 0x7b, 0x5c, 0xba, 0x69, 0xe8, 0x7a,
    0xea, 0xa4, 0x54, 0x97, 0xc3, 0xd1, 0xd2, 0x77, 0xdc, 0x9a, 0x6b, 0xf0, 0x97, 0xf8, 0x61, 0x2d,
    0x32, 0xfc, 0x6e, 0xb7, 0x1b, 0x19, 0x7b, 0xbd, 0xfc, 0x9c, 0x3c, 0x22, 0xd6, 0xd7, 0x7a, 0xa4,
    0xaf, 0x4b, 0xf5, 0xbc, 0x3c, 0x21, 0x08, 0x5a, 0x83, 0x01, 0x7a, 0x9a, 0x09, 0x4c, 0x7f, 0x9f,
    0xd6, 0xaf, 0xd1, 0xee, 0x99, 0xed, 0x6b, 0x66, 0x67, 0x41, 0x2c, 0x8d, 0xc2, 0x62, 0x18, 0x42,
    0x26, 0x16, 0x14, 0x63, 0xa5, 0xfe, 0x82, 0xa4, 0xd6, 0xce, 0x01, 0x37, 0x7a, 0x4e, 0x2b, 0x6a,
    0xd5, 0x35, 0xd8, 0xc1, 0x81, 0x6b, 0xf9, 0x03, 0x65, 0x3b, 0xd4, 0xaa, 0xab, 0x91, 0x41, 0x31,
    0xe8, 0x21, 0x03, 0x13, 0x43, 0xa4, 0x2d, 0x38, 0x32, 0xdc, 0x84, 0x95, 0x8e, 0xb2, 0x97, 0x18,
    0xee, 0x4b, 0x23, 0x2f, 0x55, 0x3d, 0xea, 0x51, 0xa3, 0xe7, 0x6c, 0x47, 0xc6, 0xd8, 0x5e, 0xae,
    0xae, 0x56, 0x57, 0xd9, 0x5b, 0x10, 0x28, 0x61, 0x35, 0xf7, 0xc2, 0x1d, 0x92, 0x44, 0xd0, 0x5c,
    0x69, 0x6d, 0x05, 0x06, 0x34, 0xec, 0x73, 0x5a, 0x24, 0x3e, 0xc0, 0x97, 0x6e, 0x69, 0x12, 0x37,
    0x6c, 0x26, 0xf0, 0x5a, 0x95, 0x09, 0x46, 0xa4, 0x82, 0x04, 0x4e, 0x1c, 0x1d, 0x34, 0x32, 0x2b,
    0xaf, 0xe7, 0x5a, 0x83, 0x6b, 0x40, 0x57, 0x44, 0xab, 0x42, 0x08, 0xc5, 0x1e, 0x8a, 0x11, 0xc8,
    0x0d, 0x0b, 0x56, 0x69, 0x0d, 0xba, 0x4e, 0x9c, 0x55, 0xfe, 0x72, 0xe4, 0xf9, 0x56, 0xf7, 0x7a,
    0x51, 0xa0, 0xac, 0x07, 0xe4, 0x0c, 0xf4, 0x6f, 0xfa, 0x3b, 0xa6, 0x39, 0x48, 0x62, 0xa4, 0x62,
    0x4d, 0x11, 0xd7, 0xca, 0xd3, 0x18, 0x74, 0x94, 0x5d, 0x86, 0xbd, 0x68, 0xd8, 0x86, 0x07, 0x8c,
    0xaf, 0x67, 0xd9, 0x20, 0x04, 0x29, 0x40, 0x98, 0x00, 0x46, 0xe5, 0x18, 0x07, 0x0e, 0x65, 0x06,
    0xfe, 0x18, 0x84, 0x92, 0x3d, 0x49, 0x12, 0x8f, 0x6f, 0xdd, 0x5e, 0x6f, 0x2f, 0xce, 0x2b, 0x65,
    0xa9, 0xa0, 0x1a, 0x13, 0x0a, 0x96, 0x26, 0x22, 0xd8, 0x0a, 0xac, 0x8d, 0x32, 0xd9, 0xa5, 0x5a,
    0x73, 0x04, 0x5a, 0x02, 0x68, 0x0a, 0x36, 0x6c, 0x78, 0x32, 0xc6, 0xc6, 0x85, 0xf9, 0x04, 0x45,
    0x02, 0xbb, 0xa8, 0x95, 0x7a, 0xbe, 0x34, 0xb6, 0xf8, 0x54, 0x61, 0x11, 0x9f, 0x4b, 0x50, 0x13,
    0x78, 0xba, 0xd7, 0x83, 0x4d, 0xd7, 0x16, 0x93, 0x18, 0xd9, 0x4a, 0xe0, 0xe5, 0x00, 0x96, 0x3c,
    0x09, 0x1f, 0x86, 0xd6, 0xd0, 0xdc, 0x03, 0x91, 0xd8, 0xb9, 0x66, 0x06, 0x22, 0x09, 0xfb, 0xc9,
    0xb7, 0xa8, 0xa5, 0x66, 0xd7, 0xb2, 0x6d, 0x36, 0x36, 0xfe, 0x02, 0xe7, 0xa0, 0x0d, 0x3b, 0x25,
    0x81, 0x92, 0x1f, 0xfe, 0x12, 0xe6, 0x8c, 0x3d, 0x65, 0x80, 0x4b, 0x3d, 0xc7, 0x0f, 0x80, 0x9b,
    0xf5, 0xda, 0x5a, 0xad, 0xce, 0x5f, 0x40, 0x07, 0x3b, 0xc1, 0x9b, 0xa5, 0xaa, 0x51, 0xef, 0x8a,
    0x37, 0x5d, 0x1b, 0x7a, 0xca, 0x61, 0x76, 0x0c, 0x60, 0x6c, 0xae, 0x0b, 0x58, 0xba, 0xaa, 0x2d,
    0x37, 0x8d, 0x81, 0xd5, 0x37, 0x88, 0x90, 0x87, 0x58, 0x48, 0x2b, 0x01, 0x0b, 0xc3, 0x56, 0x0d,
    0x17, 0x36, 0xa1, 0x2e, 0xea, 0x8b, 0x26, 0x87, 0x61, 0x75, 0x6c, 0x33, 0x0e, 0xa3, 0x52, 0xd5,
    0x96, 0x64, 0x20, 0x58, 0x4a, 0xab, 0x32, 0x36, 0x58, 0x84, 0x2d, 0xd9, 0x19, 0xf9, 0x21, 0xa0,
    0x7f, 0xb8, 0x66, 0x5e, 0xef, 0xba, 0xa0, 0xaf, 0x7a, 0x1a, 0xb5, 0xb6, 0xe7, 0x3b, 0x32, 0x44,
    0x10, 0xe6, 0x60, 0x73, 0x68, 0x14, 0x2b, 0x4b, 0xfb, 0x4a, 0x51, 0x6a, 0xb9, 0xfc, 0x5c, 0x01,
    0xb9, 0xa0, 0x28, 0x2f, 0xf6, 0xc6, 0x52, 0x6d, 0xbf, 0x1e, 0x7f, 0x5a, 0x01, 0x25, 0x00, 0x58,
    0xb8, 0xb1, 0x47, 0xd3, 0x2c, 0x54, 0xcc, 0x49, 0x2b, 0x52, 0x65, 0x15, 0x50, 0x28, 0x0d, 0x66,
    0x90, 0x63, 0x01, 0x3d, 0xef, 0xda, 0xc1, 0xf3, 0x6e, 0x77, 0x6d, 0x15, 0xa4, 0x43, 0x05, 0x74,
    0x38, 0x03, 0x5d, 0x7b, 0x0b, 0xe7, 0xb1, 0x92, 0x3c, 0x05, 0x9a, 0x61, 0x03, 0xfe, 0x0f, 0x0c,
    0x9c, 0x55, 0x82, 0xbb, 0xe5, 0x84, 0xed, 0xb5, 0x8d, 0x6e, 0xbd, 0xcc, 0x9f, 0x7b, 0xb0, 0x69,
    0x85, 0x2d, 0x2e, 0x2d, 0xd5, 0x6a, 0xcb, 0xfb, 0xa5, 0xbe, 0xd3, 0x31, 0x89, 0xaa, 0x9c, 0xb8,
    0x18, 0xbf, 0x14, 0x2a, 0x98, 0xb8, 0xaf, 0x96, 0xe5, 0xd2, 0x5c, 0x9e, 0x10, 0x75, 0x18, 0x1b,
    0x90, 0x5e, 0x33, 0x66, 0x20, 0xa8, 0x78, 0x25, 0x90, 0xed, 0x53, 0x79, 0x2c, 0x12, 0x55, 0x3a,
    0x6b, 0x9e, 0x61, 0x7b, 0x59, 0xad, 0x02, 0xf9, 0x27, 0x08, 0x5f, 0x4c, 0xa6, 0xdb, 0xe9, 0xc1,
    0x94, 0x15, 0x89, 0x6f, 0x42, 0xa7, 0x99, 0x0c, 0x19, 0x1d, 0x55, 0xb0, 0x79, 0xb2, 0x41, 0xc4,
    0xc9, 0x31, 0xb2, 0x2f, 0xa8, 0xc4, 0x2c, 0x6f, 0x16, 0x32, 0x9f, 0x93, 0xd0, 0x8f, 0x2d, 0xe8,
    0x5e, 0xd7, 0x75, 0xfa, 0x11, 0x14, 0xd8, 0xf7, 0xc3, 0xc5, 0x63, 0x2a, 0x03, 0xa0, 0x5d, 0xd7,
    0x86, 0x5a, 0x45, 0x0b, 0x98, 0x7e, 0xb8, 0xd9, 0xa1, 0xa1, 0xa4, 0x81, 0xf8, 0x42, 0x16, 0x93,
    0xf0, 0xb1, 0xe3, 0x5a, 0xb8, 0x5e, 0x6c, 0xd0, 0x1a, 0x63, 0xd2, 0x32, 0x04, 0xc4, 0x46, 0x19,
    0xb3, 0x76, 0x8c, 0x6d, 0x53, 0x2b, 0x2d, 0x4d, 0x45, 0x2d, 0xa5, 0xf7, 0x58, 0x89, 0xf5, 0x3e,
    0xb2, 0xf9, 0xfe, 0xe7, 0x5c, 0x25, 0xaf, 0xd1, 0xb7, 0x7f, 0x82, 0x6f, 0x38, 0x98, 0x78, 0x81,
    0x52, 0x35, 0x28, 0x02, 0xac, 0x33, 0x0f, 0xe3, 0x1b, 0x8e, 0x40, 0x82, 0xf6, 0x77, 0x7d, 0xec,
    0x1b, 0x23, 0x01, 0x3e, 0x87, 0x12, 0x13, 0xf0, 0x86, 0xd6, 0x00, 0x29, 0x20, 0xc2, 0x48, 0x9a,
    0xb3, 0x4d, 0x88, 0xc2, 0x03, 0x10, 0xe4, 0x9e, 0xd2, 0x45, 0xd7, 0x01, 0xa5, 0xd6, 0xcc, 0xd5,
    0x96, 0xcb, 0x1d, 0x73, 0x0b, 0x7b, 0xe6, 0x1b, 0x9b, 0xc5, 0x4d, 0xc3, 0x8d, 0x93, 0x46, 0x8a,
    0xa6, 0x85, 0xf2, 0x0a, 0x72, 0xa1, 0xe2, 0x6e, 0x03, 0x0d, 0x32, 0x01, 0x00, 0x6d, 0x73, 0x04,
    0x85, 0x42, 0x11, 0x6b, 0x15, 0xe9, 0x61, 0xf5, 0xd4, 0xf4, 0x20, 0xed, 0xc1, 0x71, 0x12, 0xd1,
    0xf0, 0x3f, 0x90, 0x99, 0x27, 0x91, 0x0a, 0x4a, 0x62, 0x49, 0x14, 0xa1, 0x76, 0x9b, 0xcb, 0x61,
    0xd3, 0x91, 0x3e, 0x5a, 0xb1, 0x94, 0x2a, 0xe0, 0x9c, 0x88, 0x82, 0x08, 0x3a, 0x17, 0x7d, 0x54,
    0xa5, 0x64, 0xbf, 0x64, 0x3b, 0x5b, 0x45, 0x78, 0xec, 0x5e, 0x4f, 0xb6, 0x46, 0x64, 0x93, 0x83,
    0x48, 0x1a, 0xaf, 0xd4, 0x0b, 0xf5, 0x6a, 0x61, 0x6d, 0xb9, 0x50, 0x02, 0x79, 0x5c, 0x35, 0x88,
    0x48, 0xcd, 0x68, 0x25, 0xdb, 0x0f, 0xb5, 0xcd, 0x65, 0x5c, 0x7c, 0xde, 0xfb, 0x95, 0xb5, 0xd5,
    0xe5, 0xf6, 0xa6, 0x5a, 0xb4, 0xcf, 0x55, 0x4a, 0xf6, 0xb4, 0x03, 0x48, 0x36, 0x41, 0xe4, 0x59,
    0xa5, 0x75, 0x5b, 0x0a, 0x21, 0xc6, 0xc4, 0xcf, 0x64, 0xb3, 0xce, 0x34, 0xe9, 0x4e, 0x65, 0xe5,
    0xd8, 0x91, 0xb6, 0xe1, 0x97, 0xa9, 0x77, 0x8a, 0x71, 0x23, 0x78, 0x57, 0x91, 0xdf, 0x31, 0xeb,
    0x49, 0xf0, 0xae, 0x2a, 0xbf, 0x63, 0xe6, 0x8c, 0xe0, 0x5d, 0x4d, 0x7e, 0x27, 0x30, 0x83, 0xbf,
    0x5b, 0x92, 0xdf, 0x99, 0xf5, 0x95, 0xda, 0x4a, 0x8d, 0xbd, 0x03, 0xd2, 0xf5, 0xcd, 0x04, 0x4a,
    0x5b, 0x9e, 0x6a, 0x4b, 0x22, 0xeb, 0x5d, 0x08, 0x22, 0x4a, 0x6b, 0x35, 0xa4, 0xb5, 0xc9, 0x82,
    0xbf, 0xaa, 0xa7, 0x46, 0xb5, 0x59, 0xd5, 0x9a, 0x8c, 0x74, 0x39, 0x41, 0xf4, 0xac, 0x0b, 0x2c,
    0x51, 0x3a, 0x03, 0x9c, 0xad, 0xbc, 0x97, 0xa0, 0x21, 0x87, 0xda, 0x54, 0x72, 0xa5, 0x8a, 0x52,
    0xa9, 0x6a, 0xae, 0x74, 0x6a, 0xd5, 0xa9, 0x95, 0xaa, 0x13, 0x0d, 0x4f, 0x29, 0x95, 0x6a, 0x2a,
    0x91, 0x76, 0x96, 0x56, 0x8c, 0xca, 0xd4, 0x4a, 0x4b, 0x4a, 0xa5, 0xcd, 0x95, 0x4a, 0xbb, 0xd2,
    0x96, 0x2b, 0x3d, 0x0b, 0x95, 0x36, 0x6c, 0xcb, 0xf3, 0xc9, 0x6e, 0xcd, 0xa5, 0xf1, 0xe5, 0xf2,
    0x76, 0x2f, 0x64, 0x94, 0xd7, 0x1b, 0xb2, 0xe5, 0xba, 0xe8, 0x32, 0x3d, 0x8d, 0x99, 0x6e, 0x5d,
    0xb7, 0x08, 0x14, 0x0f, 0x82, 0x1a, 0x37, 0xc2, 0x94, 0x49, 0x8b, 0x16, 0x9c, 0xc2, 0x36, 0x86,
    0x9e, 0xd9, 0x10, 0x5f, 0xa2, 0xd4, 0x21, 0x99, 0xd0, 0x97, 0x55, 0x68, 0x9a, 0xdf, 0x0b, 0x70,
    0x63, 0x89, 0xb1, 0x49, 0x59, 0x5c, 0x40, 0x0d, 0x39, 0xce, 0x83, 0xa7, 0xe8, 0x4c, 0x9c, 0x0c,
    0x07, 0xb0, 0x89, 0x18, 0xb6, 0xda, 0x58, 0x27, 0xd6, 0x58, 0x46, 0xee, 0x53, 0xcb, 0xab, 0x80,
    0xdc, 0xb8, 0x3a, 0x4c, 0x35, 0x56, 0xd6, 0x0a, 0x95, 0xb5, 0x7a, 0xa1, 0xba, 0xb4, 0x52, 0x28,
    0x95, 0x57, 0x45, 0x25, 0x49, 0xeb, 0x4a, 0x65, 0xa7, 0x54, 0xb0, 0x63, 0x75, 0xbb, 0xc5, 0xa1,
    0xe3, 0x45, 0xe9, 0x3c, 0x7c, 0x39, 0x30, 0xb7, 0x02, 0x82, 0xed, 0xd6, 0x6b, 0x28, 0x4f, 0x9a,
    0xae, 0xeb, 0xb8, 0xc5, 0x1e, 0xc0, 0x0a, 0x59, 0x40, 0xbd, 0x5a, 0xaf, 0x26, 0x34, 0xc2, 0x8a,
    0xf6, 0xad, 0x4e, 0x58, 0xd2, 0xd8, 0x5c, 0x42, 0xbb, 0x99, 0x35, 0xcc, 0x6a, 0xda, 0xe2, 0xf4,
    0xd6, 0x33, 0xed, 0xa1, 0x62, 0x88, 0x46, 0xc3, 0x0b, 0x4c, 0x89, 0x6f, 0x81, 0x38, 0xc1, 0x97,
    0x0f, 0x1a, 0x02, 0xd1, 0x9e, 0xa0, 0x33, 0x89, 0x29, 0x5d, 0x85, 0x4f, 0x34, 0xc1, 0xb1, 0x02,
    0x78, 0x3c, 0x15, 0xac, 0x26, 0x80, 0xd2, 0xf0, 0x03, 0x91, 0x64, 0x6f, 0xdb, 0xf2, 0xac, 0x4d,
    0xcb, 0x46, 0x8d, 0xa0, 0x07, 0x4d, 0x81, 0xd6, 0xcd, 0x85, 0x7d, 0x66, 0x5b, 0x48, 0xdd, 0xe8,
    0x3a, 0x9d, 0x4e, 0x0c, 0xcb, 0xe2, 0x52, 0xad, 0x22, 0x1f, 0x20, 0xc0, 0xb8, 0x41, 0xea, 0x57,
    0x20, 0xa4, 0x75, 0x70, 0x2f, 0x29, 0x23, 0xe3, 0x22, 0x14, 0x0a, 0xed, 0x39, 0x0b, 0x88, 0x60,
    0x79, 0x66, 0x95, 0x42, 0x9b, 0x93, 0x3c, 0x59, 0xc5, 0x4a, 0xd4, 0x94, 0xbe, 0x52, 0x8d, 0xcc,
    0x00, 0x1b, 0x71, 0x44, 0x77, 0x5e, 0xaa, 0xab, 0xa6, 0x2b, 0xe2, 0xa7, 0x51, 0x3b, 0xdc, 0x72,
    0x3e, 0x81, 0xbd, 0xf2, 0x39, 0x0f, 0x6d, 0x8e, 0x92, 0x8d, 0x87, 0x3f, 0xd4, 0x4a, 0x55, 0xaf,
    0x10, 0xce, 0x29, 0xfe, 0x6c, 0x72, 0xb6, 0x5a, 0x34, 0xb7, 0x61, 0x5f, 0xf4, 0xb8, 0x6a, 0x01,
    0xf3, 0xcf, 0xf0, 0x3f, 0x71, 0x29, 0xe8, 0xab, 0x6d, 0x36, 0x43, 0x65, 0xad, 0xb4, 0x63, 0x75,
    0x2d, 0x40, 0x5d, 0xbf, 0x48, 0xfc, 0x07, 0x3f, 0x82, 0x65, 0x1d, 0xe0, 0x11, 0x4a, 0xc0, 0x8f,
    0xd8, 0xca, 0x45, 0x19, 0x12, 0xdf, 0x2c, 0x57, 0xd9, 0x66, 0xa9, 0x00, 0x03, 0x19, 0x54, 0xb5,
    0x95, 0x49, 0xa7, 0x16, 0x99, 0x74, 0x17, 0x75, 0xff, 0x8a, 0xdb, 0x32, 0xe2, 0xed, 0x09, 0xd2,
    0x4f, 0x94, 0xb9, 0xa2, 0x85, 0x4b, 0xcc, 0xcc, 0x61, 0x76, 0x12, 0xad, 0x0c, 0xcd, 0x28, 0xff,
    0xa8, 0xd6, 0x6a, 0x85, 0xe5, 0x35, 0x62, 0x39, 0x20, 0xb2, 0x87, 0xd0, 0x80, 0x0c, 0xdb, 0x66,
    0x0f, 0x68, 0x22, 0x14, 0xfd, 0xea, 0xf5, 0x7a, 0x33, 0x5d, 0x6e, 0x91, 0x0d, 0xbc, 0x1d, 0xb3,
    0x6b, 0x8c, 0x6c, 0xff, 0x19, 0xab, 0x8f, 0x27, 0xc8, 0xc6, 0x20, 0x40, 0x76, 0xb6, 0x06, 0xa8,
    0x9a, 0x9b, 0x9d, 0xf0, 0x2d, 0x33, 0xe8, 0x01, 0xed, 0x23, 0xab, 0xeb, 0x04, 0x56, 0xea, 0xd2,
    0xb2, 0x80, 0xb7, 0x63, 0x58, 0x7e, 0xb2, 0xc9, 0x1e, 0xfb, 0xf3, 0x5a, 0x21, 0xf1, 0xd5, 0xd0,
    0xf0, 0xbc, 0x1d, 0x68, 0x36, 0x30, 0xe8, 0x4b, 0xe4, 0x35, 0xe5, 0xbc, 0x78, 0x86, 0xd5, 0x94,
    0x2d, 0x9b, 0xb0, 0xf9, 0x9f, 0x5b, 0x64, 0x87, 0xdb, 0xe7, 0x16, 0xd9, 0x31, 0x3b, 0x9e, 0x5c,
    0xaf, 0x9f, 0xeb, 0x58, 0xdb, 0x5a, 0xdb, 0x86, 0xfe, 0xb4, 0x74, 0x76, 0x58, 0x89, 0xc7, 0xf0,
    0x95, 0xc4, 0x43, 0x72, 0xed, 0x6c, 0x1f, 0xa7, 0xa7, 0xa9, 0x8d, 0xff, 0x3c, 0xfe, 0xfa, 0xf8,
    0xe6, 0xf8, 0x60, 0x7c, 0x77, 0xfc, 0x60, 0x7c, 0x38, 0x7e, 0x34, 0x3e, 0x1a, 0x1f, 0x02, 0xd4,
    0x8a, 0x02, 0xcd, 0x1b, 0x6d, 0xea, 0xeb, 0xaf, 0x0c, 0xcd, 0xc1, 0xd5, 0x9e, 0xe9, 0xf6, 0xb5,
    0x1f, 0x81, 0x68, 0xb9, 0x63, 0x5c, 0xd7, 0x6e, 0x68, 0x2f, 0x5c, 0xb9, 0x5c, 0xab, 0xc2, 0xdf,
    0x9f, 0x5b, 0x97, 0xac, 0x73, 0x8b, 0x50, 0x63, 0x9d, 0x7f, 0x4a, 0x95, 0x83, 0xd3, 0x51, 0x5d,
    0x79, 0xcc, 0x85, 0x78, 0x78, 0xc8, 0x76, 0x7a, 0x0d, 0x04, 0x56, 0x03, 0xb7, 0x21, 0x68, 0x8e,
    0x4e, 0xfd, 0x74, 0x4d, 0x73, 0x06, 0x6d, 0xdb, 0x6a, 0x5f, 0x83, 0x27, 0x3b, 0x96, 0xdf, 0xee,
    0x5d, 0x35, 0x36, 0x73, 0x7e, 0xcf, 0xf2, 0xf2, 0xfa, 0xfa, 0xf8, 0xd3, 0xe3, 0xd7, 0xc7, 0x07,
    0xc7, 0xaf, 0x1f, 0xdf, 0x3e, 0xbe, 0x75, 0x6e, 0x91, 0x41, 0x48, 0x80, 0x04, 0xa2, 0x01, 0x80,
    0xd1, 0x26, 0x42, 0xfa, 0x37, 0x80, 0x71, 0x13, 0x06, 0x7e, 0x30, 0x7e, 0x30, 0x01, 0x12, 0xf6,
    0x09, 0xbb, 0x94, 0xa1, 0x4f, 0xe3, 0xa3, 0xe3, 0x5b, 0xf8, 0x39, 0xbe, 0x3f, 0x3e, 0x98, 0x00,
    0x11, 0xe7, 0xc5, 0x75, 0x6c, 0x7d, 0x12, 0xc4, 0xc4, 0xc5, 0x49, 0x85, 0x88, 0x96, 0x50, 0x7d,
    0xca, 0x68, 0xff, 0x38, 0x7e, 0x74, 0xfc, 0x9b, 0xf1, 0xe3, 0x09, 0x50, 0x88, 0x36, 0x3d, 0xd3,
    0x1f, 0x0d, 0xd3, 0xbb, 0xd6, 0xc4, 0x42, 0x97, 0x41, 0x2a, 0xca, 0x01, 0xcc, 0x9f, 0x5b, 0x45,
    0x5c, 0x7d, 0x01, 0x30, 0x44, 0x00, 0xab, 0xc3, 0x96, 0x59, 0xac, 0xa7, 0xb4, 0xf2, 0x5c, 0xc1,
    0x52, 0x51, 0x82, 0x1f, 0x14, 0xea, 0x1a, 0x21, 0x77, 0x4b, 0x97, 0xc4, 0xab, 0x32, 0x2f, 0xc9,
    0xdf, 0x9c, 0xca, 0x5e, 0x8d, 0x54, 0x51, 0x55, 0xdb, 0x68, 0x94, 0x95, 0x83, 0x86, 0xc0, 0x25,
    0x44, 0x45, 0x34, 0x0d, 0x56, 0xf4, 0x31, 0xfc, 0x7c, 0x80, 0xeb, 0xda, 0xab, 0xae, 0x9f, 0x83,
    0x96, 0x06, 0x34, 0x4a, 0x68, 0x7a, 0xb0, 0x41, 0x87, 0xb2, 0xc1, 0x28, 0xe9, 0x97, 0xe6, 0x74,
    0xbb, 0x00, 0xe3, 0xc3, 0xf1, 0xe1, 0xf1, 0xeb, 0xda, 0xf1, 0xad, 0xf1, 0xdd, 0xe3, 0x3b, 0xe3,
    0x2f, 0xc7, 0x47, 0x40, 0xbe, 0x50, 0x33, 0x81, 0x56, 0xc2, 0xf3, 0xee, 0xa4, 0x49, 0xc0, 0x0d,
    0x51, 0x97, 0x5a, 0xdd, 0xdc, 0x20, 0x93, 0x4b, 0x62, 0x93, 0xef, 0x43, 0x4f, 0x6f, 0x02, 0xce,
    0x3c, 0x60, 0x58, 0xc8, 0xda, 0x93, 0x6a, 0xb6, 0x7b, 0x84, 0x29, 0x09, 0x35, 0x3f, 0x82, 0x11,
    0x3e, 0x1e, 0x7f, 0x2d, 0x63, 0x5c, 0xac, 0x76, 0xa7, 0xb7, 0xa3, 0x27, 0xd7, 0x7e, 0x17, 0xea,
    0x7e, 0x85, 0x75, 0x8f, 0x6f, 0x6a, 0xe3, 0x3f, 0x8d, 0x3f, 0x4c, 0xa8, 0x4c, 0x4c, 0x3b, 0xb1,
    0xd3, 0xff, 0x0a, 0x88, 0x7e, 0x00, 0xdd, 0x3e, 0x3a, 0xbe, 0x23, 0xea, 0x71, 0xf4, 0xa4, 0x9a,
    0xfe, 0x60, 0xc3, 0x35, 0x01, 0x33, 0xc3, 0xba, 0x7e, 0x88, 0x2c, 0xf1, 0x03, 0x9c, 0xa8, 0xca,
    0xd4, 0x94, 0x65, 0x64, 0x12, 0x7c, 0x64, 0xc3, 0xa2, 0x22, 0xc6, 0x00, 0xef, 0x96, 0x90, 0x9f,
    0x1a, 0xbd, 0x84, 0xbd, 0xce, 0x11, 0x99, 0x8f, 0x3f, 0x87, 0x3e, 0x3e, 0x96, 0x19, 0x4f, 0x0a,
    0xeb, 0x13, 0x08, 0x8d, 0x08, 0x87, 0x98, 0xf4, 0x5b, 0x98, 0xd2, 0x87, 0xe3, 0x83, 0x18, 0x1e,
    0x49, 0x98, 0x1d, 0x31, 0xee, 0xe0, 0x72, 0x6f, 0x6f, 0x69, 0xe8, 0x25, 0xf5, 0x43, 0x67, 0xb7,
    0xa5, 0x93, 0x1d, 0xa0, 0x5e, 0xd6, 0x40, 0x9e, 0xd0, 0xb5, 0xdd, 0xbe, 0x3d, 0x40, 0x5e, 0xef,
    0xfb, 0xc3, 0xc6, 0xe2, 0xe2, 0xce, 0xce, 0x4e, 0x69, 0xa7, 0x56, 0x72, 0xdc, 0xad, 0xc5, 0x6a,
    0xb9, 0x5c, 0x5e, 0x84, 0x7a, 0xc1, 0xe4, 0x48, 0xba, 0x4d, 0x78, 0xde, 0x5c, 0x2f, 0xcb, 0x73,
    0xc0, 0x84, 0x60, 0xc5, 0xd5, 0x07, 0x1a, 0x1f, 0x1a, 0x7e, 0x8f, 0x26, 0x7f, 0xd8, 0xb5, 0x83,
    0x69, 0x47, 0xb3, 0xba, 0xae, 0xc1, 0xc3, 0x97, 0x41, 0x25, 0x58, 0xad, 0x6b, 0x2f, 0x56, 0xaa,
    0x75, 0x7d, 0x51, 0x2e, 0xec, 0x55, 0x12, 0x0a, 0x57, 0xab, 0xac, 0x74, 0x75, 0x6d, 0x59, 0x2d,
    0xdd, 0xee, 0x26, 0x94, 0xae, 0x55, 0xca, 0x85, 0x95, 0x8a, 0xf6, 0xb3, 0xda, 0x8a, 0xf6, 0xe2,
    0x52, 0xad, 0xac, 0xd6, 0xe8, 0xa4, 0xd5, 0x58, 0x5b, 0xd3, 0x7e, 0x56, 0x59, 0x29, 0x27, 0x54,
    0x69, 0xf7, 0x13, 0xaa, 0xd4, 0x6b, 0xe5, 0x02, 0x36, 0xb0, 0x5c, 0x2e, 0x6b, 0x3f, 0xab, 0x96,
    0x57, 0x23, 0xad, 0xa4, 0x55, 0xa1, 0x16, 0x92, 0xeb, 0xb8, 0x7e, 0x42, 0x1d, 0x28, 0x5a, 0x80,
    0x92, 0x30, 0xf4, 0x95, 0x6a, 0xa4, 0xf8, 0x30, 0x71, 0xa2, 0x56, 0x59, 0xf1, 0xca, 0x4a, 0x1d,
    0x86, 0xc3, 0x26, 0x17, 0x9d, 0x98, 0x18, 0x19, 0x38, 0xbb, 0x1b, 0x9b, 0xee, 0x20, 0x24, 0x02,
    0x67, 0xd7, 0x00, 0x5c, 0x68, 0xe9, 0x15, 0x40, 0x89, 0xeb, 0x2d, 0xbd, 0x5e, 0xd7, 0x35, 0xe6,
    0x42, 0xa7, 0xaf, 0xc2, 0x57, 0x26, 0x80, 0xb6, 0xf4, 0x65, 0x78, 0xeb, 0x42, 0x29, 0x9a, 0x7b,
    0x94, 0x67, 0xb0, 0x4a, 0xbd, 0x4a, 0x55, 0xa0, 0x57, 0x1a, 0x13, 0xb9, 0x06, 0xed, 0x9e, 0xe3,
    0x02, 0xd3, 0x21, 0x05, 0x47, 0xd7, 0x02, 0x0a, 0x02, 0xe8, 0x50, 0x06, 0x2d, 0x9f, 0x2d, 0x1d,
    0x35, 0xd6, 0x38, 0x87, 0xc1, 0xfa, 0x31, 0xc0, 0x6b, 0xe5, 0x0c, 0x80, 0x57, 0x75, 0xb6, 0x53,
    0x6c, 0x74, 0x2d, 0x37, 0x64, 0x66, 0xa1, 0x35, 0x59, 0x5f, 0xff, 0xff, 0x3e, 0xfe, 0xe0, 0xbf,
    0xa7, 0xb4, 0x50, 0x81, 0x05, 0x98, 0xde, 0x44, 0x8d, 0xff, 0xdc, 0xe1, 0x93, 0x81, 0x5a, 0x58,
    0x30, 0x1c, 0x26, 0xe2, 0x8a, 0x4e, 0xf4, 0x9d, 0x8e, 0xbe, 0x5e, 0x2c, 0x3e, 0x27, 0xda, 0x53,
    0xe6, 0xbd, 0xb7, 0x9b, 0x30, 0xed, 0xb0, 0x3e, 0xd8, 0x93, 0xa5, 0x70, 0xde, 0x81, 0xd0, 0xc2,
    0x89, 0x5f, 0x4d, 0x9a, 0x78, 0x58, 0x59, 0xaa, 0xb4, 0xbc, 0x9c, 0xa1, 0xf7, 0xe5, 0xa0, 0xab,
    0xab, 0xab, 0xab, 0x30, 0xf3, 0x9f, 0xc1, 0xac, 0x23, 0x7f, 0x7e, 0x5c, 0x8c, 0x4e, 0x8a, 0x00,
    0xbb, 0xb2, 0x7a, 0x02, 0xb0, 0x8f, 0xc7, 0x9f, 0x03, 0x77, 0x42, 0xa6, 0x8f, 0x6c, 0xff, 0x7e,
    0x1a, 0xec, 0xb5, 0xe5, 0x8c, 0x13, 0xce, 0x60, 0x9b, 0xdd, 0xe5, 0x36, 0x4e, 0x07, 0x5f, 0x62,
    0xd8, 0xf2, 0xbf, 0xf9, 0xb7, 0xbb, 0x5a, 0xb1, 0xf8, 0xb7, 0x83, 0x8b, 0x69, 0x2d, 0x54, 0x2a,
    0x4b, 0x33, 0x35, 0xc1, 0x8e, 0x0c, 0x45, 0x13, 0x2e, 0x35, 0xf1, 0x50, 0x6d, 0xa2, 0x6d, 0xb9,
    0x6d, 0xf4, 0x4f, 0xe1, 0xeb, 0xb8, 0x6d, 0x6f, 0xc3, 0x42, 0x42, 0x93, 0x35, 0x9c, 0x85, 0xf6,
    0x75, 0x46, 0x2a, 0xd0, 0x10, 0xb6, 0x2c, 0x2f, 0xb0, 0x4c, 0x78, 0x50, 0x69, 0x03, 0x55, 0x89,
    0x0d, 0x6b, 0x40, 0x0b, 0x5f, 0x85, 0x59, 0xc3, 0xee, 0xe2, 0x02, 0x0b, 0x82, 0x0b, 0x97, 0x9d,
    0x00, 0x4f, 0x83, 0x84, 0xbb, 0x30, 0xf6, 0xa2, 0xcc, 0xb1, 0x61, 0x49, 0x42, 0x21, 0x09, 0x83,
    0x32, 0x40, 0xa2, 0x1d, 0x59, 0x02, 0xb5, 0xb6, 0x9a, 0x11, 0xd4, 0x56, 0x00, 0xa7, 0x67, 0x0c,
    0x70, 0x92, 0xd7, 0xcf, 0xa1, 0x6a, 0xae, 0xed, 0x56, 0xf8, 0xec, 0x5c, 0xaf, 0xb0, 0xd9, 0xd9,
    0xad, 0x8a, 0x07, 0xf0, 0x65, 0xa5, 0x86, 0x7b, 0x0b, 0x1e, 0x21, 0x71, 0x7e, 0xa0, 0xc9, 0xa7,
    0x92, 0x50, 0x30, 0x78, 0xc0, 0xcf, 0x87, 0x61, 0x17, 0xc5, 0xbd, 0x19, 0x5b, 0xe4, 0x6b, 0xa1,
    0x4c, 0x3f, 0xc2, 0x73, 0xa9, 0x9a, 0xc4, 0x63, 0xa0, 0xec, 0xe2, 0x56, 0x88, 0x1e, 0x35, 0xce,
    0xe0, 0xd6, 0x32, 0x70, 0xab, 0x35, 0x05, 0x10, 0xc7, 0x0c, 0x5c, 0xf5, 0xf5, 0x44, 0xba, 0xc6,
    0x75, 0x88, 0xd2, 0x35, 0xee, 0x20, 0x8c, 0xc3, 0x24, 0xd3, 0x35, 0xf2, 0xd9, 0x18, 0x5d, 0x2f,
    0xad, 0xb2, 0x4a, 0xb5, 0xf2, 0x4c, 0x18, 0xcc, 0x38, 0x6a, 0x82, 0xe4, 0xa5, 0x12, 0x88, 0x80,
    0x5e, 0x9f, 0x8d, 0x5f, 0xab, 0x24, 0xd8, 0xee, 0x79, 0x43, 0x7d, 0x1d, 0xe5, 0xd9, 0xe3, 0xd7,
    0x4b, 0x2a, 0x95, 0x28, 0x73, 0x42, 0x18, 0x95, 0x3a, 0x29, 0x4b, 0xd5, 0x13, 0xcc, 0x4a, 0xa5,
    0xbe, 0x7a, 0x82, 0x69, 0x89, 0x8b, 0x94, 0xc9, 0xb3, 0x52, 0x59, 0x59, 0xc9, 0x00, 0x7d, 0x29,
    0x85, 0xef, 0x77, 0x7a, 0x3e, 0xf2, 0xfd, 0x04, 0xb6, 0x14, 0xc0, 0x5f, 0xab, 0x65, 0x80, 0x5f,
    0x09, 0xe0, 0x77, 0xbb, 0x2b, 0xe5, 0xa5, 0x5a, 0x08, 0x7f, 0x27, 0x75, 0xde, 0x23, 0xdc, 0x09,
    0x8f, 0x2a, 0x23, 0x53, 0x8f, 0xc4, 0x52, 0xad, 0x73, 0x62, 0x41, 0xa1, 0x03, 0xa9, 0xa5, 0x5a,
    0x95, 0x27, 0x99, 0x5e, 0xd3, 0xdb, 0x0c, 0xdc, 0xb3, 0x5a, 0x4e, 0x22, 0x10, 0xa5, 0x61, 0x71,
    0x60, 0x0a, 0xdc, 0xf4, 0x8d, 0x07, 0xd1, 0x39, 0x09, 0x1a, 0xab, 0xac, 0xce, 0x4a, 0x8c, 0xa8,
    0x0e, 0x1d, 0x80, 0x2e, 0x44, 0x02, 0x74, 0x64, 0xa6, 0x39, 0x76, 0x55, 0x71, 0x4b, 0x9d, 0x61,
    0xa6, 0xeb, 0x80, 0x75, 0xb4, 0x7f, 0xa1, 0xb2, 0x0c, 0x44, 0x24, 0x09, 0x24, 0x28, 0x06, 0xa7,
    0xca, 0xe7, 0xe8, 0x4d, 0xae, 0xaa, 0xa0, 0xe8, 0xa6, 0x8c, 0xe2, 0x7a, 0x6d, 0x7d, 0xfc, 0x31,
    0x00, 0xbc, 0x07, 0xe0, 0xde, 0x04, 0x81, 0xfd, 0xe2, 0x8b, 0x20, 0xa8, 0xd7, 0xb8, 0x16, 0xc3,
    0x8b, 0x92, 0x1f, 0x34, 0x9b, 0xb9, 0x76, 0x6f, 0x03, 0x1d, 0x34, 0x11, 0x7f, 0x4a, 0x45, 0x45,
    0xe3, 0xe1, 0x65, 0xd1, 0xef, 0x59, 0x5f, 0x3f, 0xdb, 0x31, 0xb7, 0x9a, 0x17, 0x53, 0x95, 0x3f,
    0xa9, 0xed, 0x8f, 0xe4, 0xa1, 0x4c, 0x6b, 0xdd, 0x35, 0xfd, 0x39, 0x37, 0x1f, 0xa7, 0xb8, 0x09,
    0xcd, 0x03, 0x62, 0x9f, 0xa0, 0x79, 0x61, 0x1f, 0xc0, 0xda, 0x9e, 0xe9, 0x79, 0xb2, 0xde, 0x1f,
    0xf1, 0xb2, 0x4a, 0x74, 0x12, 0xe6, 0xd7, 0x16, 0x14, 0x15, 0x4e, 0x4f, 0x5d, 0x68, 0x69, 0x6c,
    0xff, 0x8e, 0xcb, 0x7a, 0x7c, 0x7b, 0xfc, 0xe0, 0xf8, 0xce, 0xf1, 0x1b, 0x4c, 0xd3, 0x9c, 0x30,
    0x38, 0x90, 0x06, 0x47, 0xb6, 0xc1, 0x94, 0xb8, 0xe2, 0x84, 0xc1, 0x3d, 0x97, 0x61, 0x5a, 0x6b,
    0x45, 0x50, 0x00, 0xa1, 0xf1, 0x12, 0xea, 0x7f, 0xa0, 0xfb, 0x01, 0xa7, 0x3f, 0x18, 0x3f, 0x4a,
    0x6d, 0x3e, 0x36, 0x19, 0x74, 0x98, 0xc0, 0xba, 0x05, 0x45, 0xb6, 0xcd, 0x0d, 0xb4, 0x16, 0x98,
    0x72, 0xbf, 0x26, 0x34, 0x7e, 0xb5, 0x32, 0x71, 0x9c, 0x7e, 0x65, 0xbe, 0x28, 0x74, 0xb5, 0x3a,
    0xb9, 0xb9, 0xea, 0x9c, 0x31, 0xf6, 0xcf, 0x30, 0xa1, 0x47, 0xb0, 0x9e, 0x07, 0x13, 0x9b, 0x75,
    0x46, 0xbe, 0x67, 0x75, 0xcc, 0x13, 0xb7, 0x1d, 0xc5, 0x2e, 0x61, 0xe0, 0x22, 0x33, 0x63, 0x82,
    0x75, 0x2b, 0x6a, 0xae, 0xe2, 0x48, 0x9a, 0x68, 0x21, 0x98, 0x97, 0x75, 0x6b, 0xaa, 0x3b, 0xbb,
    0xf0, 0xba, 0x9a, 0xcd, 0x0c, 0x26, 0x59, 0x49, 0xd1, 0x90, 0x85, 0xbc, 0xf6, 0x2d, 0x32, 0x72,
    0x7e, 0x15, 0x31, 0x85, 0xe1, 0x69, 0xac, 0x6f, 0xf5, 0x93, 0x10, 0x58, 0x71, 0x8f, 0x67, 0x1e,
    0x0c, 0xb8, 0x0a, 0x0d, 0xfa, 0x27, 0x33, 0x06, 0x3e, 0x39, 0xe1, 0x69, 0xb0, 0x1e, 0x80, 0xe6,
    0xbf, 0x03, 0xc3, 0x10, 0x2f, 0xea, 0x0c, 0xca, 0x92, 0xc1, 0x06, 0x0a, 0x5e, 0xa2, 0x72, 0xb9,
    0x72, 0x21, 0x30, 0xce, 0x72, 0xb3, 0x2c, 0x59, 0x60, 0x62, 0xe6, 0xcf, 0x00, 0x4c, 0x25, 0x11,
    0x4c, 0x25, 0x00, 0x83, 0xbb, 0xc2, 0x83, 0xe3, 0xb7, 0xc7, 0x5f, 0x96, 0xd2, 0x61, 0x54, 0x13,
    0x61, 0x54, 0x03, 0x18, 0xc0, 0xdd, 0x51, 0x77, 0x06, 0x26, 0x74, 0x6f, 0x02, 0x94, 0x5a, 0x22,
    0x94, 0x5a, 0x00, 0xe5, 0x13, 0x18, 0xca, 0x5f, 0x61, 0x01, 0x1e, 0x1e, 0xbf, 0x95, 0x0e, 0x64,
    0x29, 0x11, 0xc8, 0x52, 0x00, 0xe4, 0x0f, 0xc8, 0x86, 0x50, 0x26, 0x41, 0x7d, 0x2f, 0x0d, 0x48,
    0x22, 0x8c, 0x62, 0x38, 0x27, 0xef, 0xc1, 0xe4, 0xfe, 0xd7, 0x74, 0x63, 0x98, 0x58, 0x3a, 0x3c,
    0x39, 0xd2, 0xa7, 0x91, 0x12, 0xb7, 0xb3, 0x9f, 0x92, 0x98, 0xd0, 0xdc, 0x16, 0x63, 0xf4, 0x9a,
    0x42, 0xe5, 0xbe, 0x35, 0xd4, 0xd7, 0xa3, 0x4f, 0xb8, 0xbd, 0xe1, 0xec, 0xb3, 0x6b, 0x4b, 0xb5,
    0x6a, 0x33, 0x89, 0x39, 0xf0, 0x73, 0x41, 0xc2, 0x04, 0xd8, 0x1e, 0x01, 0x32, 0xc8, 0xea, 0x44,
    0x08, 0xc0, 0x80, 0x34, 0xda, 0xb4, 0x6f, 0x91, 0xd1, 0xfe, 0x10, 0x84, 0x87, 0x43, 0x21, 0xca,
    0x43, 0xe3, 0xe3, 0x2f, 0x91, 0x7a, 0x40, 0x9a, 0x60, 0xb2, 0xfd, 0x57, 0x1a, 0xe0, 0xa1, 0xd2,
    0x41, 0xa8, 0x3e, 0xfe, 0x42, 0xb2, 0xa9, 0x00, 0xb4, 0x5b, 0xac, 0xd0, 0x43, 0xde, 0xc6, 0x81,
    0x46, 0x18, 0x7c, 0x00, 0xcd, 0xd2, 0x0f, 0x12, 0x25, 0xd1, 0x14, 0x39, 0xfe, 0x8a, 0x5e, 0xdc,
    0x1d, 0x1f, 0x94, 0xb4, 0x61, 0xbd, 0xac, 0x7d, 0x73, 0xf3, 0x03, 0x8d, 0x6a, 0xdd, 0x03, 0xb0,
    0x07, 0xd8, 0xae, 0x96, 0xab, 0x97, 0x9f, 0xd3, 0xc6, 0x77, 0x09, 0x3a, 0x53, 0xf2, 0x8f, 0x62,
    0x3d, 0xc0, 0x5e, 0x62, 0xdf, 0xfe, 0x3a, 0x3e, 0xd4, 0x8e, 0xff, 0x85, 0x94, 0x11, 0xe8, 0x50,
    0xa4, 0xe7, 0xc7, 0x77, 0xf2, 0x05, 0x6d, 0xb8, 0xc6, 0x1a, 0x59, 0x4b, 0x00, 0xca, 0x21, 0xc0,
    0x2e, 0x87, 0x78, 0xfe, 0x08, 0x80, 0xdc, 0xc5, 0x06, 0xd0, 0x04, 0x0e, 0xbd, 0xbc, 0x83, 0x9b,
    0xdf, 0x01, 0x14, 0xb8, 0x77, 0xfc, 0x16, 0x34, 0xf3, 0x6b, 0xd8, 0xd4, 0x68, 0x9c, 0x38, 0x65,
    0x50, 0xf9, 0x31, 0x7d, 0x01, 0xd1, 0x10, 0xde, 0x85, 0x56, 0x52, 0x78, 0x0d, 0xfd, 0x08, 0x0e,
    0xa0, 0x4a, 0x01, 0x57, 0xe6, 0x7f, 0x84, 0x0d, 0x15, 0x91, 0x88, 0x10, 0x88, 0xac, 0x38, 0x62,
    0xc9, 0x84, 0x7f, 0x79, 0x0c, 0x83, 0xa6, 0x5f, 0x57, 0x5c, 0x0a, 0xaf, 0x2b, 0x2e, 0x45, 0x6e,
    0xfa, 0xc0, 0x56, 0x2c, 0xf0, 0x57, 0xa5, 0x17, 0xd9, 0x28, 0xad, 0x3a, 0x88, 0x04, 0x0c, 0xb5,
    0x2a, 0x0c, 0xd0, 0xaa, 0xa4, 0x13, 0x35, 0x39, 0xbf, 0xec, 0x74, 0xae, 0xe0, 0x68, 0x54, 0xab,
    0x33, 0x2c, 0xc1, 0xeb, 0xc7, 0x6f, 0x0b, 0x54, 0x90, 0x4e, 0x9b, 0x8e, 0x6f, 0x27, 0xe0, 0x54,
    0xd2, 0xb9, 0x4c, 0x22, 0xb9, 0xfc, 0x85, 0x0e, 0xac, 0x1e, 0x1c, 0xbf, 0x15, 0x62, 0xe1, 0x23,
    0x2e, 0x1e, 0xc5, 0x66, 0xb7, 0x7d, 0xbd, 0xad, 0x47, 0x89, 0x97, 0xbd, 0x19, 0x0d, 0x15, 0xde,
    0x2f, 0x8d, 0x7f, 0x29, 0xfd, 0xa6, 0x14, 0x69, 0x05, 0x4f, 0x78, 0x2e, 0x2f, 0x5e, 0x07, 0x0d,
    0x6b, 0xc6, 0xd9, 0xa4, 0x19, 0x44, 0x51, 0x0d, 0x50, 0x38, 0xf3, 0x3c, 0x7e, 0x82, 0x1c, 0x80,
    0x09, 0x7a, 0x38, 0x93, 0x07, 0x40, 0x3d, 0xdc, 0xca, 0xff, 0xa4, 0x86, 0xf6, 0x23, 0xc3, 0x9b,
    0x15, 0x4d, 0x82, 0x7e, 0x89, 0x41, 0xa9, 0xab, 0xb8, 0x65, 0x78, 0x7a, 0xd6, 0x43, 0x0d, 0xa0,
    0x6e, 0xe0, 0x83, 0xa4, 0xa7, 0x40, 0x0b, 0x6f, 0x1e, 0xbf, 0x0b, 0xcd, 0xbe, 0x29, 0x0e, 0x3f,
    0x05, 0xea, 0x08, 0x81, 0x8d, 0x9f, 0x9f, 0xa3, 0x8d, 0x09, 0xbd, 0x9e, 0x99, 0x2a, 0xf8, 0x66,
    0x89, 0xe8, 0x9b, 0xf8, 0xc2, 0x97, 0xc4, 0xae, 0x8e, 0x80, 0xfa, 0xe7, 0xcb, 0xac, 0x3f, 0x64,
    0x8a, 0x1c, 0x6d, 0xdd, 0xc8, 0x92, 0x0e, 0x93, 0x9a, 0xe4, 0xd3, 0x82, 0x0c, 0x8b, 0x71, 0xbe,
    0xe8, 0x80, 0x80, 0xd7, 0x01, 0x89, 0x9d, 0xf5, 0x46, 0xc3, 0x5a, 0x13, 0x3a, 0xfd, 0x47, 0x64,
    0xf5, 0x42, 0x1e, 0x00, 0xa2, 0x0b, 0x38, 0xdc, 0x3d, 0xa4, 0x3f, 0xbe, 0x19, 0x30, 0x08, 0x58,
    0x17, 0x85, 0xa7, 0xfb, 0x92, 0x81, 0xe7, 0x91, 0xe0, 0xaf, 0x28, 0x4c, 0xfd, 0x97, 0xe3, 0x77,
    0x51, 0x30, 0x69, 0x68, 0x24, 0xa2, 0xc0, 0x22, 0x1d, 0xff, 0x1e, 0xfe, 0x1e, 0xaa, 0x40, 0x58,
    0xcf, 0x5b, 0x1a, 0xe3, 0xc7, 0x89, 0xd3, 0xb6, 0xa0, 0xc1, 0x9f, 0x47, 0x04, 0xe4, 0x0b, 0x3a,
    0x3a, 0x7e, 0x20, 0x40, 0xfc, 0x96, 0xe9, 0xb3, 0xc1, 0xe2, 0x43, 0xf5, 0x3f, 0x33, 0xec, 0xe0,
    0x4c, 0xfa, 0x08, 0x6b, 0x05, 0x9c, 0xf8, 0x6b, 0x5a, 0x56, 0x9c, 0x89, 0x87, 0x1a, 0xc1, 0xe7,
    0x62, 0x02, 0xf6, 0xe9, 0x56, 0x28, 0x4b, 0x1d, 0xbf, 0x15, 0xe3, 0xc6, 0x6c, 0x69, 0xcf, 0x91,
    0x8f, 0x84, 0x46, 0x3e, 0x12, 0xfa, 0x60, 0xd4, 0xdf, 0x14, 0x52, 0x5c, 0xdf, 0x04, 0xf1, 0x61,
    0x63, 0xd3, 0xf0, 0x80, 0x4d, 0x90, 0x6c, 0xde, 0xd2, 0xcb, 0x48, 0x09, 0xe6, 0x10, 0xbe, 0x94,
    0xca, 0x65, 0x90, 0xc0, 0xfa, 0xd6, 0x80, 0x1e, 0x3a, 0xc0, 0xb9, 0xdb, 0x23, 0xc2, 0x39, 0xff,
    0x79, 0xcb, 0xf5, 0xaf, 0x5f, 0xb2, 0x4c, 0xbb, 0x93, 0x3b, 0xd3, 0xdf, 0x3c, 0x53, 0xf0, 0xdd,
    0x91, 0x99, 0xc7, 0x22, 0x9b, 0xf6, 0xc8, 0x4d, 0x2c, 0xd1, 0x35, 0x6c, 0x0f, 0x8b, 0xa8, 0x67,
    0x60, 0x95, 0xf2, 0x44, 0xbf, 0x0c, 0xc5, 0x57, 0x78, 0xaa, 0x6b, 0xc6, 0x92, 0x44, 0xad, 0x4b,
    0x31, 0x37, 0x8d, 0xb8, 0x1b, 0x8b, 0x3e, 0x89, 0x0b, 0x28, 0xc7, 0x93, 0xd5, 0x08, 0xd9, 0xd7,
    0x15, 0xba, 0xc7, 0xcd, 0x01, 0xa7, 0xf1, 0x87, 0x30, 0x8b, 0x44, 0xf6, 0xb1, 0x95, 0x3c, 0x7e,
    0x3b, 0x24, 0xee, 0x40, 0x36, 0xef, 0x6f, 0x6e, 0xf4, 0xbd, 0xad, 0x44, 0xc9, 0x5c, 0xd2, 0xb3,
    0xe9, 0x3a, 0x87, 0xbe, 0x9e, 0xae, 0x76, 0xc5, 0xa8, 0xf8, 0xb3, 0x29, 0x28, 0x1b, 0xe0, 0x84,
    0x4c, 0x9c, 0xe2, 0xde, 0x96, 0x8c, 0x15, 0xbe, 0xe3, 0xe3, 0x83, 0x14, 0xd5, 0x97, 0x34, 0x36,
    0x55, 0x65, 0xe3, 0x25, 0xd3, 0xef, 0x4c, 0xe9, 0xeb, 0x48, 0xb1, 0xcf, 0x56, 0x56, 0xd6, 0x9a,
    0x33, 0x0c, 0xe8, 0xe3, 0x18, 0x5d, 0xc5, 0x58, 0xc1, 0x7c, 0xf9, 0xd3, 0x7f, 0x20, 0x6f, 0x20,
    0x2e, 0x0d, 0x62, 0x16, 0x91, 0xd9, 0xc9, 0x79, 0x14, 0xe7, 0x3e, 0xb7, 0x02, 0xce, 0x7c, 0x04,
    0xa4, 0xfe, 0x31, 0xa3, 0x6a, 0x22, 0x64, 0xa4, 0x5e, 0x12, 0x2f, 0x65, 0x95, 0x08, 0x01, 0x31,
    0x57, 0x13, 0x6c, 0x08, 0x44, 0x49, 0xe6, 0xb3, 0xa0, 0xac, 0x25, 0x88, 0x6c, 0x5f, 0x49, 0xec,
    0x0a, 0x05, 0x37, 0x12, 0x14, 0x38, 0x5f, 0x85, 0xd7, 0x0f, 0x0b, 0x28, 0x0f, 0xbe, 0x85, 0x9d,
    0x01, 0xf0, 0x5c, 0xec, 0x63, 0xe3, 0x40, 0x76, 0x74, 0x78, 0xfc, 0x3b, 0xc4, 0x08, 0x92, 0x5b,
    0xdf, 0xd6, 0xb0, 0x43, 0xf7, 0x49, 0x13, 0xba, 0x49, 0x08, 0x84, 0xc3, 0xbf, 0xc9, 0xf8, 0x28,
    0x7b, 0xf1, 0x2f, 0xc7, 0xbf, 0x39, 0xfe, 0x0d, 0xe9, 0xf5, 0x47, 0x4c, 0x04, 0x66, 0xc2, 0x23,
    0x48, 0xda, 0x6c, 0x97, 0x83, 0x6e, 0xa2, 0x9c, 0xfc, 0x63, 0xc6, 0x8b, 0x51, 0x60, 0x65, 0xce,
    0x03, 0x2a, 0xd8, 0x37, 0x98, 0xb8, 0xfd, 0x98, 0x04, 0x5a, 0xb2, 0xab, 0x81, 0xf8, 0x79, 0x10,
    0x72, 0x6b, 0x21, 0xb0, 0x9e, 0x88, 0x8f, 0xb9, 0xa6, 0x81, 0x44, 0x9b, 0xc2, 0xc0, 0xfe, 0x0e,
    0x59, 0x8f, 0x6b, 0xb6, 0xa1, 0x1f, 0x17, 0x1d, 0x97, 0x47, 0xd5, 0xc8, 0x05, 0x6a, 0x24, 0x2d,
    0xf9, 0x41, 0x1a, 0xeb, 0x69, 0x9f, 0x8a, 0xf5, 0xc4, 0x05, 0xa5, 0x55, 0xb2, 0x60, 0x48, 0xef,
    0xa6, 0x86, 0x95, 0x08, 0x5d, 0x21, 0xe3, 0xf6, 0x8c, 0x80, 0x54, 0x22, 0x52, 0x2d, 0x3a, 0x28,
    0x6f, 0x90, 0x79, 0x27, 0xe8, 0xc1, 0x64, 0x9f, 0x4e, 0xb5, 0x4f, 0x92, 0x4b, 0xa3, 0xe4, 0xf3,
    0x6b, 0x01, 0x93, 0xb3, 0xda, 0xb2, 0xa3, 0x20, 0x74, 0xe8, 0x51, 0x88, 0xf6, 0x0a, 0xe2, 0x2a,
    0x62, 0x58, 0x26, 0x11, 0x72, 0xe9, 0x04, 0xd2, 0x71, 0xb0, 0x9c, 0xc9, 0x52, 0xe4, 0xf8, 0xaf,
    0xd2, 0x74, 0x21, 0xc5, 0xcd, 0xe8, 0xfa, 0x42, 0xba, 0x38, 0xea, 0xb5, 0x08, 0x2b, 0x54, 0xeb,
    0xe6, 0xad, 0x90, 0x1f, 0x10, 0x71, 0x3f, 0x24, 0xd2, 0xbe, 0x09, 0x9a, 0x0c, 0x32, 0x0f, 0xf4,
    0xb7, 0x92, 0x98, 0xaa, 0xd0, 0xbb, 0x49, 0xc9, 0x3e, 0x92, 0x3b, 0x43, 0x6e, 0x92, 0xcf, 0x73,
    0x37, 0xc9, 0x8b, 0xdc, 0x4d, 0xb2, 0xba, 0xa4, 0xfd, 0xe8, 0x42, 0x5c, 0xd4, 0x3b, 0x7e, 0x67,
    0xa2, 0xa8, 0x97, 0x22, 0x71, 0x31, 0x35, 0x36, 0x49, 0xef, 0x3f, 0xd2, 0x38, 0x1b, 0x66, 0x52,
    0x17, 0xf3, 0x37, 0xa3, 0xb1, 0x60, 0xdb, 0x50, 0x97, 0x99, 0x00, 0xee, 0x80, 0xa2, 0x8f, 0x32,
    0x1a, 0x71, 0x32, 0xec, 0xca, 0x7d, 0x84, 0x87, 0x43, 0x23, 0xe3, 0xc3, 0x6d, 0x8e, 0xc6, 0x58,
    0xf4, 0x2d, 0x92, 0x55, 0x23, 0x9a, 0xfb, 0xf1, 0x6f, 0x45, 0x87, 0xc9, 0xd1, 0xea, 0x77, 0x28,
    0x24, 0x22, 0x84, 0x60, 0x12, 0x26, 0x6a, 0xd6, 0x78, 0x83, 0xd1, 0xde, 0x88, 0x9a, 0x63, 0x62,
    0xfb, 0x6d, 0x8c, 0x26, 0x53, 0x2f, 0x2a, 0x2b, 0xfe, 0xcf, 0x1a, 0xa3, 0x4b, 0xc0, 0x14, 0x10,
    0x23, 0xa4, 0x3d, 0xe2, 0xb1, 0x7a, 0x28, 0x0a, 0x7d, 0xcf, 0x5d, 0x7c, 0x31, 0x1f, 0x47, 0xb8,
    0x40, 0xcb, 0x4f, 0x90, 0x32, 0x88, 0x93, 0x03, 0x70, 0x26, 0xda, 0xd6, 0xcb, 0x8b, 0xb5, 0xf2,
    0xdf, 0x0e, 0x2e, 0xce, 0x19, 0xfd, 0xfe, 0x1d, 0x05, 0xef, 0x92, 0xc6, 0xec, 0x2a, 0xb8, 0x9b,
    0xdf, 0x2a, 0xd1, 0x5a, 0xab, 0xc3, 0x91, 0x6c, 0x1a, 0x77, 0xd9, 0xe6, 0x49, 0x36, 0x3c, 0xdc,
    0xd9, 0xe3, 0x23, 0xe5, 0x1d, 0xa6, 0x9d, 0x19, 0x8d, 0x39, 0xc0, 0x23, 0x00, 0x81, 0x13, 0x51,
    0xe5, 0x50, 0x23, 0x89, 0xe0, 0x1e, 0x2c, 0xfc, 0x12, 0x0d, 0x2e, 0x47, 0xf8, 0xca, 0x0f, 0xb0,
    0x16, 0xd5, 0xc3, 0x31, 0xed, 0xd7, 0x34, 0x07, 0x79, 0x94, 0x0b, 0x50, 0x84, 0xb8, 0x4d, 0x38,
    0xf9, 0x80, 0x34, 0x24, 0x6c, 0xf9, 0x1d, 0xad, 0x56, 0x5a, 0xf9, 0xe6, 0xe6, 0xfb, 0xd5, 0x4a,
    0x69, 0x15, 0xbb, 0xfc, 0x1e, 0x72, 0x26, 0x86, 0x38, 0x13, 0xa8, 0x24, 0x8a, 0x3b, 0xf1, 0xc9,
    0x0a, 0x44, 0xbe, 0x09, 0xbb, 0x6a, 0x77, 0xa3, 0xdd, 0xdb, 0x18, 0xc2, 0x06, 0xba, 0xb1, 0x63,
    0xb8, 0xfd, 0x70, 0x5f, 0x15, 0xbb, 0x2a, 0xfe, 0x35, 0xb8, 0xb7, 0x93, 0xb2, 0xbd, 0x2e, 0x3f,
    0xa9, 0xdd, 0x95, 0x87, 0xfc, 0x98, 0x18, 0x6b, 0x05, 0xf7, 0x5c, 0x10, 0x35, 0xcf, 0xf6, 0x4c,
    0xdb, 0xb6, 0x86, 0x4d, 0x6d, 0xea, 0xf8, 0x8c, 0xdd, 0x94, 0xf1, 0xd5, 0xf9, 0xf8, 0x6a, 0xdf,
    0xc5, 0xf1, 0x31, 0x5c, 0x48, 0x15, 0xa4, 0xb3, 0xd3, 0xe0, 0x6a, 0x79, 0x71, 0xf9, 0xef, 0x99,
    0x06, 0x57, 0x32, 0xd0, 0x20, 0xcd, 0xc1, 0x44, 0x1a, 0x5c, 0x42, 0x1a, 0x04, 0x91, 0xf2, 0xdb,
    0xa3, 0xc1, 0x9e, 0xe3, 0xff, 0x3d, 0x93, 0x60, 0xe2, 0xf0, 0xbe, 0x97, 0x14, 0x38, 0xbf, 0x0d,
    0xf7, 0x7d, 0x3c, 0xcf, 0x01, 0xd4, 0x7d, 0x17, 0x4f, 0xfe, 0x4f, 0xb8, 0xd1, 0x3e, 0x44, 0x3a,
    0x5c, 0x14, 0x34, 0xf8, 0x5d, 0x23, 0x72, 0xb2, 0x6f, 0x83, 0x34, 0xf4, 0xa6, 0x90, 0x7f, 0x88,
    0x6a, 0x49, 0xdc, 0x45, 0x09, 0xf7, 0x73, 0xd4, 0x06, 0x85, 0xac, 0xc1, 0xa7, 0x21, 0x9d, 0x4a,
    0xeb, 0xa5, 0x32, 0x52, 0xe9, 0x52, 0x40, 0xa5, 0x73, 0xa3, 0x41, 0x74, 0x8d, 0x40, 0x22, 0xfc,
    0x7b, 0x24, 0x40, 0x36, 0x36, 0x63, 0xf7, 0xff, 0x76, 0xea, 0xfb, 0x13, 0x6e, 0x2e, 0x24, 0x8c,
    0xdf, 0x41, 0x4f, 0x9b, 0x8f, 0xc7, 0x1f, 0xc8, 0x98, 0x9b, 0xab, 0x91, 0xa8, 0x0f, 0xd8, 0x06,
    0x9a, 0xe9, 0xc9, 0x48, 0xf1, 0x6a, 0xe5, 0x49, 0x1c, 0x7b, 0xf2, 0x1e, 0x07, 0x9d, 0xc3, 0x2b,
    0x0d, 0x7c, 0x24, 0xa4, 0x62, 0xd1, 0x48, 0x1a, 0x29, 0x4a, 0x8d, 0xa6, 0x6c, 0x84, 0x47, 0x5a,
    0x0e, 0xb6, 0xca, 0x3c, 0x91, 0x33, 0x9b, 0x80, 0x5c, 0xb9, 0xb4, 0x8a, 0x34, 0x55, 0x29, 0x95,
    0x27, 0x6e, 0x8f, 0xb4, 0xc5, 0x2e, 0x6a, 0xe5, 0xd2, 0xda, 0xea, 0xdc, 0x68, 0xce, 0xec, 0x76,
    0x37, 0xfc, 0x8a, 0xc0, 0x4a, 0x81, 0x93, 0xe8, 0x2d, 0x47, 0x48, 0x59, 0x8f, 0x22, 0x65, 0xbd,
    0xfe, 0xed, 0x23, 0x25, 0x4e, 0xc3, 0xd9, 0xc1, 0xa6, 0x07, 0x24, 0xc7, 0x67, 0x70, 0xda, 0x08,
    0xb7, 0x2b, 0x92, 0xbd, 0x2a, 0x30, 0x57, 0x95, 0x56, 0xc5, 0x30, 0x71, 0xe6, 0xbf, 0x7b, 0xd4,
    0x77, 0x1a, 0xb1, 0xf3, 0x6a, 0x75, 0xce, 0x64, 0xf0, 0x1e, 0xb7, 0x36, 0x7e, 0xeb, 0x64, 0x50,
    0xaf, 0x07, 0x64, 0x50, 0x9b, 0x2f, 0x19, 0x54, 0xa3, 0x64, 0xb0, 0x24, 0xf0, 0x63, 0xe5, 0xef,
    0x84, 0x0c, 0xaa, 0xff, 0xd7, 0x91, 0x41, 0x6d, 0xce, 0x64, 0xf0, 0x19, 0x19, 0xf5, 0x41, 0xe0,
    0xfa, 0xb6, 0xc9, 0x60, 0x35, 0xd8, 0x0d, 0x56, 0xe7, 0xbc, 0x1b, 0xd4, 0xa2, 0x64, 0xb0, 0x2c,
    0x44, 0x94, 0xb5, 0xbf, 0x13, 0x32, 0xa8, 0xfd, 0x7d, 0x90, 0xc1, 0x89, 0x85, 0xb0, 0xcf, 0x92,
    0xf1, 0x32, 0x70, 0x92, 0x38, 0x89, 0x06, 0xf4, 0x29, 0x99, 0xa1, 0x7f, 0x2f, 0x6e, 0x72, 0x68,
    0x57, 0x37, 0x02, 0x2b, 0xf0, 0x9c, 0x29, 0x70, 0x62, 0xe7, 0xb5, 0x16, 0x12, 0xcb, 0x03, 0x32,
    0x81, 0x3f, 0x12, 0x9b, 0x55, 0x52, 0x85, 0x05, 0xee, 0xf1, 0xc5, 0xee, 0x29, 0xdf, 0xc3, 0x43,
    0xe4, 0xf1, 0x17, 0xe4, 0x22, 0xf0, 0x26, 0x9d, 0x01, 0xbc, 0x15, 0x1c, 0x09, 0x42, 0x99, 0xdf,
    0x92, 0xfb, 0xf2, 0x5f, 0xc9, 0x8a, 0xae, 0x1c, 0x4b, 0x32, 0x0f, 0x09, 0x66, 0xf4, 0xf8, 0x92,
    0xda, 0x79, 0x44, 0x2c, 0x80, 0xec, 0xf1, 0xb7, 0x41, 0xb3, 0x3a, 0x4c, 0xa7, 0xe0, 0x6f, 0x7e,
    0xf7, 0x1e, 0x6d, 0x65, 0xc2, 0x42, 0xfd, 0x19, 0xba, 0x1e, 0x90, 0xd5, 0x1e, 0x5d, 0x15, 0x3e,
    0x20, 0x4f, 0xb6, 0xaf, 0xf9, 0xe1, 0xe7, 0x23, 0x2c, 0x5d, 0x05, 0xb6, 0xf0, 0x17, 0x24, 0xfb,
    0xb9, 0xd1, 0xfb, 0x96, 0xe1, 0x91, 0x6f, 0xf0, 0x06, 0x8b, 0xe8, 0x18, 0x92, 0x45, 0x9d, 0x53,
    0x45, 0x31, 0x90, 0x04, 0xbf, 0x8b, 0xda, 0x09, 0xdd, 0x28, 0x99, 0x76, 0xc6, 0x9d, 0x7a, 0x94,
    0xc6, 0x8f, 0x3b, 0xc5, 0xb1, 0x67, 0xc2, 0x51, 0x53, 0xe8, 0x7e, 0x60, 0x6c, 0x9b, 0x2f, 0xe3,
    0x69, 0x40, 0x2e, 0x1f, 0x3b, 0x42, 0x5c, 0x16, 0x51, 0xe7, 0x62, 0x07, 0x03, 0x40, 0x13, 0x80,
    0x3a, 0x74, 0xac, 0xf1, 0x48, 0x9c, 0x2b, 0x3d, 0x0c, 0x0f, 0x86, 0x92, 0x0e, 0x0d, 0xe9, 0xc4,
    0x21, 0xed, 0xdc, 0xb0, 0x1e, 0x3d, 0x38, 0x8c, 0x5d, 0xe1, 0x5e, 0x4f, 0x77, 0xdf, 0x8e, 0x7b,
    0x9e, 0x06, 0xf1, 0x18, 0xe6, 0xe0, 0x7b, 0x9a, 0x70, 0x93, 0x6b, 0xaa, 0x2b, 0xd4, 0x27, 0x88,
    0xdb, 0xfc, 0x8c, 0xfc, 0xf0, 0x89, 0x38, 0x41, 0xbd, 0x47, 0x0e, 0x7e, 0xef, 0x10, 0xcd, 0x11,
    0x25, 0x33, 0xa7, 0x55, 0x52, 0x37, 0x23, 0x6f, 0x1e, 0x47, 0x07, 0x10, 0xba, 0x10, 0xdc, 0x05,
    0x5e, 0x20, 0x4a, 0xb3, 0x97, 0xe2, 0x18, 0xed, 0xf8, 0x5d, 0x3c, 0x1d, 0x7c, 0x24, 0x1c, 0x17,
    0xee, 0xe1, 0xca, 0x42, 0x9d, 0xbf, 0xca, 0xfe, 0x04, 0x09, 0xdc, 0x07, 0x1d, 0xd2, 0x42, 0x3b,
    0xe9, 0x91, 0x76, 0xf1, 0xc5, 0x02, 0xf3, 0x70, 0xa2, 0x3b, 0x42, 0x1a, 0x33, 0xe9, 0x30, 0x37,
    0x56, 0x0a, 0x84, 0x11, 0x40, 0xc3, 0x13, 0xb8, 0xb4, 0x53, 0x7b, 0xfa, 0x13, 0x4c, 0x01, 0x45,
    0x27, 0x8f, 0xd0, 0x3e, 0xc5, 0xdf, 0xdc, 0x74, 0x76, 0x83, 0x2b, 0x3c, 0x26, 0x43, 0xf1, 0x1e,
    0x86, 0x67, 0x0f, 0x1d, 0x8a, 0xf0, 0x3c, 0x54, 0x99, 0x4f, 0x16, 0xeb, 0x5a, 0x8f, 0xb5, 0x18,
    0x06, 0x83, 0x40, 0x50, 0x1b, 0xf6, 0xa6, 0x3d, 0x0d, 0x6b, 0xd9, 0x6d, 0xa8, 0xf7, 0xd8, 0x7c,
    0x9e, 0x9a, 0x72, 0x43, 0x87, 0xf0, 0xb9, 0xa3, 0x0d, 0x3a, 0x3a, 0xff, 0x96, 0xbb, 0x2d, 0xd3,
    0x7e, 0x81, 0x9e, 0x17, 0x78, 0xca, 0xf8, 0x76, 0x43, 0x1b, 0xff, 0x2b, 0x2e, 0xdc, 0xf8, 0x6b,
    0x72, 0x2e, 0xbc, 0xcb, 0x7d, 0x44, 0x42, 0x7b, 0x9b, 0x96, 0xbb, 0xfc, 0xd2, 0xf3, 0xf9, 0x00,
    0xd5, 0x3e, 0x81, 0xea, 0x6f, 0x8a, 0x4d, 0x21, 0x28, 0xc4, 0x36, 0x85, 0xf1, 0x3d, 0xb9, 0x9a,
    0x14, 0x4d, 0xe5, 0x4d, 0x0e, 0x75, 0x91, 0xef, 0x1d, 0xdc, 0xc9, 0x9a, 0xf9, 0x1b, 0xb0, 0xdd,
    0x23, 0xaf, 0x31, 0x03, 0x1e, 0x62, 0x14, 0x62, 0x17, 0xec, 0x10, 0x62, 0x1f, 0xc1, 0x6b, 0xcd,
    0x8f, 0xa1, 0xcc, 0x6f, 0x4b, 0xc9, 0x7d, 0x25, 0x67, 0x69, 0xc0, 0x2c, 0xc2, 0xf8, 0x87, 0x41,
    0x93, 0x11, 0x2f, 0x9c, 0x10, 0x99, 0x03, 0x4f, 0x9c, 0xfb, 0x54, 0xfe, 0x11, 0xd5, 0x10, 0xdb,
    0x5c, 0x02, 0x76, 0xbf, 0xc5, 0x8f, 0x7d, 0xef, 0xd1, 0x93, 0x37, 0xb9, 0x0b, 0xe6, 0xd5, 0xca,
    0xe2, 0xd5, 0x6a, 0x49, 0x9d, 0x10, 0xea, 0xc9, 0xd7, 0x1c, 0xdf, 0x1f, 0x1f, 0xdf, 0x21, 0x1f,
    0x41, 0xda, 0xb3, 0x6f, 0x73, 0x12, 0xb8, 0xcb, 0xfc, 0x2c, 0xd3, 0x9b, 0x91, 0x88, 0xa8, 0x94,
    0x3e, 0x5b, 0xd4, 0x52, 0x04, 0x68, 0x70, 0xc4, 0x1c, 0xf8, 0xc5, 0x60, 0xaf, 0x91, 0x23, 0x50,
    0xbd, 0x87, 0xec, 0xd6, 0xc7, 0x17, 0xb8, 0xf3, 0x93, 0x9d, 0x14, 0x46, 0x44, 0x0e, 0x86, 0x74,
    0xc6, 0x0e, 0x23, 0x4a, 0x23, 0x44, 0x09, 0x93, 0xc3, 0x10, 0xb8, 0x11, 0x52, 0x64, 0xcf, 0x78,
    0x46, 0x20, 0x20, 0x1f, 0x2c, 0xb8, 0x01, 0xf8, 0x1d, 0x90, 0xa6, 0x78, 0xb0, 0xd1, 0x37, 0x06,
    0x23, 0xf4, 0x10, 0x0b, 0x1d, 0x07, 0x25, 0x8a, 0xa5, 0x18, 0x35, 0xb8, 0x2f, 0x11, 0xcd, 0x32,
    0x0e, 0xd0, 0xc5, 0xdb, 0x83, 0x09, 0x10, 0xd6, 0x53, 0x50, 0x31, 0xd1, 0xed, 0x27, 0x7b, 0xff,
    0x8c, 0x8e, 0x31, 0xc4, 0x10, 0x73, 0x41, 0x0f, 0x2b, 0xb3, 0xf7, 0x30, 0x80, 0xb1, 0x9e, 0x89,
    0xb6, 0x82, 0x1e, 0x27, 0x6d, 0x6c, 0xc3, 0x81, 0xcd, 0x00, 0x63, 0x08, 0xa7, 0xa4, 0x5d, 0xac,
    0xa9, 0x3a, 0x8e, 0xe8, 0x19, 0x1c, 0xe3, 0xee, 0x25, 0xcc, 0xd6, 0x89, 0x56, 0x99, 0x56, 0x82,
    0xf5, 0x4c, 0xcc, 0x63, 0xf0, 0x88, 0x2e, 0xb7, 0x59, 0xed, 0x93, 0xac, 0x74, 0x0c, 0xc6, 0x7a,
    0x9c, 0x97, 0x64, 0x5b, 0xe6, 0xc9, 0x1d, 0x84, 0x0d, 0xa4, 0x13, 0xf4, 0xaf, 0x7a, 0xa2, 0xfe,
    0x11, 0x88, 0xf5, 0x54, 0x3a, 0x4d, 0x5c, 0xda, 0x84, 0x05, 0xe6, 0x44, 0x31, 0x55, 0x48, 0x89,
    0xaf, 0xe7, 0x9f, 0x15, 0x1e, 0x70, 0xf1, 0xc5, 0xa7, 0xa3, 0x9c, 0x88, 0x53, 0x52, 0x3c, 0x99,
    0x91, 0x9d, 0x10, 0x13, 0x0f, 0x60, 0x95, 0x43, 0xd4, 0x7c, 0x82, 0x2a, 0xc0, 0x7d, 0x0b, 0xd9,
    0x9c, 0xbd, 0xc9, 0x78, 0xbf, 0xb0, 0xa1, 0xa3, 0xf7, 0x32, 0xb1, 0xd5, 0xb0, 0xc4, 0x1b, 0xe8,
    0x18, 0x74, 0x3b, 0x74, 0xab, 0xc4, 0x7e, 0x3c, 0x62, 0xbd, 0x62, 0xd7, 0x32, 0xef, 0x91, 0x93,
    0xb3, 0x88, 0x94, 0x85, 0xee, 0x26, 0xda, 0x26, 0xca, 0xf4, 0xf9, 0x34, 0x16, 0xa7, 0x8a, 0xca,
    0x43, 0xd9, 0xbb, 0xca, 0xe8, 0xfc, 0x32, 0x77, 0x06, 0x16, 0xdd, 0x1b, 0x9e, 0x29, 0x14, 0x2b,
    0x80, 0x0c, 0xa0, 0xb7, 0x84, 0x82, 0xae, 0x8a, 0x7c, 0x83, 0xad, 0xf0, 0x3a, 0xb1, 0x37, 0x8c,
    0x9a, 0x9e, 0x57, 0xcb, 0x92, 0x1d, 0x82, 0x23, 0xdd, 0x32, 0x51, 0x05, 0x41, 0x69, 0xe9, 0xa3,
    0x21, 0x86, 0xfc, 0xfd, 0x09, 0x76, 0x89, 0x37, 0xb9, 0xb1, 0x7d, 0x86, 0xee, 0x68, 0xb1, 0x94,
    0x4d, 0xf9, 0x54, 0xe9, 0x26, 0x63, 0xff, 0xb1, 0xfb, 0x0b, 0x11, 0x29, 0x5d, 0xac, 0xb8, 0x94,
    0x9e, 0x46, 0x57, 0x45, 0x21, 0xec, 0x86, 0xbe, 0xbe, 0x5c, 0xe6, 0x93, 0x96, 0x7e, 0xad, 0x52,
    0xc6, 0xe8, 0xa1, 0xd5, 0x99, 0x84, 0xce, 0x54, 0xcc, 0xea, 0x6c, 0xf8, 0xc0, 0xbb, 0x4c, 0x7f,
    0x83, 0x84, 0xa3, 0x54, 0x14, 0xff, 0x8b, 0xe4, 0x77, 0x26, 0xf6, 0x6b, 0x58, 0xf3, 0xf9, 0x22,
    0xfa, 0xbf, 0x91, 0x3f, 0xd9, 0x01, 0x73, 0xa5, 0x4d, 0xd7, 0xb2, 0x09, 0xf3, 0xbf, 0x44, 0xef,
    0x2f, 0x90, 0xa7, 0x42, 0x65, 0x59, 0x36, 0x15, 0x90, 0xb3, 0x2e, 0x20, 0xdf, 0x07, 0x45, 0x62,
    0xb3, 0x5f, 0x70, 0x47, 0x31, 0xb2, 0x36, 0x6b, 0xe4, 0xce, 0x26, 0x6d, 0xd4, 0xca, 0x26, 0x8e,
    0x37, 0x56, 0x32, 0x48, 0x06, 0xe1, 0xf9, 0x52, 0x01, 0xb6, 0x77, 0xee, 0x14, 0xfb, 0x56, 0xa2,
    0xc8, 0xce, 0x6e, 0x90, 0xfc, 0x0b, 0xc2, 0x49, 0x91, 0xdc, 0xb3, 0x38, 0xcd, 0x4a, 0x98, 0x1d,
    0x2e, 0x9a, 0x38, 0xc9, 0x5c, 0xe6, 0xe8, 0x5d, 0x5d, 0x55, 0xb4, 0x6d, 0xc1, 0x55, 0xab, 0x69,
    0x08, 0x2e, 0x2d, 0x7f, 0x46, 0x2c, 0xcf, 0x82, 0xaf, 0x32, 0x54, 0x7d, 0xbd, 0x5a, 0x2d, 0x4d,
    0x42, 0x5b, 0x19, 0x13, 0x89, 0x93, 0x6f, 0x50, 0x0c, 0xad, 0x2c, 0x88, 0xcb, 0x8a, 0x53, 0xf8,
    0x81, 0xd9, 0x2f, 0xa5, 0x55, 0xaa, 0xe1, 0xad, 0xb4, 0x5a, 0x24, 0x7b, 0x82, 0x3e, 0xa3, 0x02,
    0xb1, 0x2c, 0x2b, 0x10, 0x4f, 0x85, 0x52, 0xfe, 0xc2, 0x6f, 0x45, 0xf2, 0x33, 0x4f, 0x55, 0x88,
    0x9e, 0x44, 0x3a, 0xdc, 0xd3, 0xf2, 0xb6, 0x72, 0xd3, 0xe1, 0x3e, 0xbb, 0x71, 0x78, 0xc0, 0xd4,
    0xd2, 0xcf, 0x39, 0x93, 0x7f, 0x44, 0x77, 0x0b, 0x99, 0xec, 0x7a, 0xfc, 0x16, 0x10, 0x14, 0xea,
    0x58, 0xdc, 0xe5, 0x93, 0x39, 0x50, 0xf2, 0x57, 0x7c, 0x07, 0x3a, 0x24, 0x05, 0xf8, 0xb0, 0xc0,
    0xa1, 0x50, 0xcb, 0x47, 0xc2, 0xd3, 0x32, 0x49, 0x5f, 0x25, 0x5b, 0xd9, 0x11, 0x13, 0x8a, 0x91,
    0xec, 0xbf, 0xe2, 0x74, 0xf3, 0x98, 0x1c, 0xe0, 0x1f, 0x91, 0x71, 0xec, 0x21, 0x07, 0x71, 0xd6,
    0x36, 0xfe, 0x79, 0xe4, 0x34, 0x93, 0xae, 0x68, 0x9c, 0x75, 0xe9, 0x55, 0x81, 0xfc, 0xf2, 0x59,
    0x53, 0x41, 0xf1, 0x98, 0xb1, 0x84, 0x17, 0x3e, 0xe9, 0x26, 0x14, 0xa2, 0x9d, 0x0f, 0x5b, 0x11,
    0x10, 0x59, 0xc6, 0xcd, 0x48, 0xaa, 0x37, 0x0f, 0x9a, 0xe5, 0xa0, 0xa2, 0x44, 0x3b, 0x63, 0xff,
    0x59, 0xf7, 0x67, 0xdc, 0x8c, 0x94, 0xe6, 0x33, 0x51, 0x77, 0xda, 0x9e, 0x32, 0xc9, 0x48, 0x96,
    0xa2, 0xf2, 0x2b, 0x41, 0x97, 0x97, 0x95, 0xf0, 0x82, 0xd0, 0xaf, 0x2b, 0xd8, 0xad, 0x2b, 0xa6,
    0x3f, 0xfd, 0x2e, 0xcf, 0x9c, 0x5b, 0xc4, 0x18, 0xbe, 0x17, 0x58, 0x18, 0x4f, 0x22, 0x12, 0x7e,
    0x12, 0x83, 0x4c, 0xe0, 0x2e, 0x12, 0xc6, 0x3c, 0x1a, 0x4e, 0xc8, 0xda, 0x96, 0xd0, 0x97, 0x8b,
    0xb6, 0x69, 0xb8, 0xdc, 0xf9, 0xfc, 0x11, 0x6e, 0x78, 0xf2, 0xa8, 0x4f, 0xb7, 0x24, 0xf1, 0x71,
    0x1b, 0xdb, 0x26, 0x6f, 0x2a, 0x42, 0x64, 0x09, 0x46, 0xc8, 0x10, 0x6d, 0xe6, 0x66, 0x88, 0xcc,
    0xc8, 0x9c, 0x97, 0xd4, 0x70, 0x9f, 0x61, 0x47, 0x44, 0x40, 0xd5, 0x84, 0x78, 0x29, 0xf1, 0x6b,
    0xb5, 0xc9, 0x92, 0x56, 0xaa, 0xb8, 0xf4, 0x41, 0x68, 0xa6, 0x98, 0xfb, 0x91, 0xf9, 0x5b, 0x2c,
    0xf0, 0x81, 0x62, 0x0b, 0xe1, 0xe1, 0x30, 0x33, 0x59, 0x52, 0x4a, 0xda, 0xd5, 0x0a, 0x13, 0xe7,
    0x25, 0x00, 0x8c, 0xff, 0xff, 0xe8, 0xf2, 0x4b, 0xaf, 0x68, 0x95, 0x7a, 0x41, 0xbb, 0x5a, 0x9d,
    0x54, 0xa2, 0xba, 0x3c, 0xc9, 0x4e, 0x91, 0x14, 0x7f, 0x43, 0x24, 0xf7, 0x48, 0x8c, 0x23, 0xcb,
    0x34, 0xbb, 0x0c, 0x56, 0x3e, 0x0c, 0xbf, 0x12, 0xb5, 0x13, 0x92, 0xb0, 0xc1, 0xe3, 0xae, 0x4c,
    0x43, 0x2b, 0x7e, 0x76, 0x15, 0xc4, 0xee, 0x5c, 0xaa, 0x23, 0x6e, 0xc8, 0x11, 0x4c, 0x66, 0x35,
    0x78, 0x12, 0x36, 0x99, 0x03, 0xcf, 0x71, 0x4f, 0x65, 0xf5, 0xcc, 0x3e, 0x03, 0xd5, 0x94, 0x19,
    0xa8, 0xce, 0x6b, 0x06, 0xb2, 0xa2, 0xf8, 0x8f, 0x87, 0xf3, 0x76, 0x89, 0xa2, 0x9d, 0xff, 0x6b,
    0xf2, 0x2a, 0xc4, 0x0b, 0x1d, 0x8f, 0xd9, 0x45, 0x19, 0x7e, 0x25, 0xee, 0xab, 0x94, 0xbb, 0x6c,
    0x14, 0x20, 0x41, 0x8a, 0x14, 0x21, 0x24, 0x7a, 0x76, 0xa1, 0x8e, 0x6e, 0xff, 0x1c, 0xbf, 0xc3,
    0x50, 0x37, 0xbc, 0x13, 0x8c, 0x57, 0x4f, 0x50, 0x49, 0xfe, 0x1d, 0x5e, 0x81, 0x23, 0x91, 0x9f,
    0x4c, 0x79, 0x37, 0x49, 0x99, 0x65, 0xda, 0xed, 0x6d, 0x66, 0xca, 0xc3, 0x08, 0x0b, 0x74, 0x85,
    0x5d, 0x88, 0x5b, 0x74, 0x14, 0x7f, 0x84, 0x77, 0x62, 0xe2, 0x57, 0x0d, 0x53, 0x1c, 0x9a, 0xe1,
    0x05, 0xf4, 0xf2, 0x5d, 0x76, 0xd9, 0x04, 0x8f, 0x25, 0x18, 0x69, 0x61, 0xe8, 0x17, 0x16, 0x79,
    0x82, 0x5f, 0xf7, 0x0c, 0x3b, 0x7c, 0x87, 0xc4, 0x9f, 0xc7, 0x42, 0xd1, 0xc1, 0xe3, 0x9d, 0xbf,
    0x32, 0x15, 0x1b, 0x9b, 0xc1, 0x8e, 0x7c, 0xce, 0x99, 0xed, 0x9d, 0xd3, 0x08, 0x32, 0xd7, 0x86,
    0x24, 0xc3, 0x54, 0x66, 0x90, 0x61, 0xae, 0x0d, 0xc3, 0x6b, 0x79, 0x4c, 0x7a, 0x29, 0x2b, 0xce,
    0x87, 0xb2, 0x1d, 0x27, 0x4d, 0x78, 0xb9, 0x36, 0x37, 0x95, 0x5a, 0x0c, 0x82, 0x8d, 0xe1, 0x04,
    0x82, 0xcc, 0x35, 0x52, 0xab, 0x43, 0x11, 0x26, 0xbb, 0xf0, 0xf2, 0x63, 0x4b, 0xcb, 0x9d, 0xc5,
    0x28, 0x0d, 0x5e, 0x93, 0x6e, 0x2b, 0xe6, 0xe7, 0x4c, 0x0d, 0x7f, 0x54, 0xaf, 0x9f, 0x4f, 0xa7,
    0x82, 0xf7, 0x98, 0xee, 0xf9, 0x80, 0xf9, 0xcf, 0xdf, 0xe5, 0x97, 0xa6, 0xe8, 0x84, 0xf8, 0x11,
    0xe1, 0x0f, 0x59, 0x74, 0x90, 0x0e, 0x2a, 0xe5, 0x72, 0x59, 0xcb, 0xc9, 0x57, 0x4e, 0x99, 0x81,
    0x5e, 0x0d, 0xad, 0x42, 0x37, 0xe4, 0x39, 0x20, 0xed, 0xff, 0x7c, 0x49, 0xb5, 0xd0, 0x6e, 0xf4,
    0x61, 0xe4, 0xfe, 0xfd, 0x11, 0xb3, 0x37, 0x71, 0x52, 0xa2, 0xa3, 0x2d, 0xc2, 0x5c, 0x25, 0x9c,
    0x49, 0x68, 0x29, 0x67, 0x62, 0x82, 0xa0, 0xd2, 0x5b, 0x92, 0x45, 0x91, 0xa8, 0x28, 0x46, 0x99,
    0x05, 0xa1, 0xdb, 0xa3, 0xd5, 0xfc, 0x80, 0xdd, 0x15, 0x63, 0xa6, 0x7d, 0xa8, 0x83, 0x7a, 0xb5,
    0x4a, 0x9a, 0x69, 0xaa, 0x3b, 0x68, 0x23, 0xe3, 0x2f, 0xe3, 0xc7, 0x02, 0xe2, 0xf2, 0xaf, 0x6c,
    0x3b, 0x38, 0x25, 0x4d, 0x59, 0x33, 0x98, 0xa8, 0x58, 0x85, 0x18, 0x45, 0x25, 0xd8, 0xa8, 0x2a,
    0xe5, 0x89, 0x14, 0x65, 0xcd, 0x95, 0xa2, 0xac, 0x13, 0x59, 0xa9, 0x44, 0x47, 0xf4, 0xf5, 0xca,
    0x09, 0xc8, 0xa9, 0x33, 0x67, 0xfa, 0xf9, 0x00, 0x16, 0x12, 0x89, 0x44, 0xdc, 0xe4, 0x7b, 0x83,
    0xcc, 0x9d, 0x19, 0xe8, 0xe8, 0x13, 0x22, 0x8b, 0x2f, 0xe4, 0x4b, 0xd4, 0xb4, 0x79, 0xdc, 0x62,
    0x97, 0x4a, 0xa5, 0x6b, 0xd7, 0xc2, 0x88, 0x14, 0x5e, 0x72, 0x91, 0xc8, 0x00, 0x20, 0x7d, 0xca,
    0xce, 0x79, 0x94, 0x93, 0xdb, 0x38, 0x03, 0x27, 0x27, 0x2d, 0xb1, 0x81, 0xa1, 0x49, 0xe9, 0x2e,
    0x61, 0xee, 0xef, 0x45, 0x05, 0x86, 0xca, 0x87, 0xa1, 0x19, 0x0b, 0x7b, 0x46, 0x3a, 0x8d, 0x38,
    0x42, 0x63, 0x07, 0x5e, 0x54, 0x00, 0x2f, 0x8d, 0x87, 0xe7, 0xde, 0x99, 0x68, 0xe3, 0x54, 0xc8,
    0xde, 0x99, 0x7d, 0x03, 0xe9, 0x64, 0xda, 0x40, 0x26, 0xa3, 0x7b, 0x67, 0xae, 0xe8, 0xde, 0x39,
    0xcd, 0x06, 0xd2, 0x41, 0x84, 0x2f, 0x9f, 0x60, 0x03, 0x11, 0x1c, 0x9e, 0xb9, 0x81, 0x8f, 0x1f,
    0x00, 0x47, 0xbe, 0x95, 0x7f, 0x22, 0x5e, 0xe6, 0x47, 0x2c, 0x8a, 0x4e, 0x28, 0xce, 0xc8, 0xb1,
    0x05, 0x04, 0xf2, 0xa2, 0xa1, 0x25, 0xdd, 0x64, 0xca, 0xef, 0x7f, 0xdc, 0x62, 0x02, 0x14, 0xd4,
    0x40, 0xbd, 0x00, 0x8f, 0x82, 0xff, 0x9d, 0x1d, 0x60, 0x07, 0x52, 0x0d, 0x99, 0x84, 0x7e, 0x2f,
    0xc2, 0x4e, 0x29, 0x21, 0x09, 0xb8, 0xa5, 0xe9, 0x40, 0xc8, 0x36, 0x9f, 0x4b, 0x02, 0x11, 0x89,
    0x7a, 0x5f, 0x10, 0xc5, 0x7d, 0xc9, 0x94, 0x99, 0x47, 0x41, 0x80, 0x7f, 0xf4, 0x87, 0xe0, 0x74,
    0x79, 0x5f, 0x84, 0xf1, 0xa2, 0x9b, 0xbf, 0xe2, 0x88, 0x75, 0xb9, 0x4c, 0xb1, 0xaf, 0xb8, 0x65,
    0x0b, 0xcb, 0x53, 0x58, 0x6f, 0x76, 0x29, 0x85, 0xed, 0x89, 0xd0, 0x68, 0x4d, 0x29, 0x75, 0x93,
    0x4e, 0x28, 0x8e, 0x68, 0xf3, 0x79, 0xcc, 0xfa, 0x96, 0x46, 0x08, 0x2c, 0x45, 0x4f, 0xb0, 0xe2,
    0x1d, 0x3f, 0x05, 0xdb, 0x12, 0x44, 0xef, 0x35, 0x49, 0x8f, 0xaf, 0x8a, 0x94, 0x62, 0xf3, 0xf3,
    0x6e, 0x02, 0xe4, 0x70, 0x86, 0xe8, 0x2f, 0x23, 0xa8, 0xa6, 0x56, 0xd6, 0xd7, 0x6b, 0x80, 0x8a,
    0xec, 0x69, 0xf4, 0x2d, 0x9e, 0x73, 0x88, 0x7c, 0x43, 0x74, 0x94, 0x90, 0x5c, 0x6c, 0x0d, 0x80,
    0xac, 0xa5, 0xbe, 0xad, 0x00, 0xbd, 0xae, 0xc3, 0x47, 0xf8, 0x7e, 0x91, 0xc1, 0xcc, 0x84, 0xf3,
    0x7f, 0x20, 0xec, 0x38, 0x62, 0xd7, 0xbb, 0x45, 0x5c, 0xa8, 0x83, 0x27, 0x81, 0xfa, 0x74, 0xbd,
    0x89, 0xae, 0x2a, 0x29, 0x32, 0x0e, 0x17, 0x4b, 0xf0, 0x40, 0x4c, 0xc6, 0xe6, 0x7c, 0x94, 0x3c,
    0x22, 0xbe, 0x39, 0x68, 0x52, 0x64, 0xe1, 0x7c, 0x1e, 0x33, 0x17, 0x07, 0xbc, 0xc6, 0x8f, 0x81,
    0x3a, 0xf8, 0x79, 0x57, 0xb4, 0xa8, 0x12, 0x81, 0x0e, 0x90, 0x57, 0x8c, 0xfb, 0xf7, 0xd2, 0x36,
    0x20, 0x3c, 0x7d, 0x1e, 0x33, 0x87, 0x1e, 0xa6, 0x4e, 0x08, 0x6b, 0x2c, 0xd1, 0x12, 0x5d, 0x48,
    0x07, 0xfa, 0x20, 0xb4, 0x17, 0xd6, 0xd6, 0xd7, 0x81, 0x76, 0x7f, 0xab, 0x04, 0xd5, 0xd2, 0x44,
    0x50, 0xa1, 0x45, 0xc9, 0xc9, 0x07, 0x11, 0x7a, 0x12, 0xd1, 0xd4, 0xca, 0x44, 0x0f, 0xb9, 0xba,
    0xc6, 0xae, 0x99, 0xe5, 0x33, 0xa2, 0x3f, 0xda, 0xe6, 0x9d, 0xd1, 0x77, 0x98, 0x06, 0xe2, 0x08,
    0x1a, 0xa5, 0x11, 0x99, 0x0c, 0xe0, 0x57, 0x3a, 0xb9, 0x94, 0xf1, 0xc4, 0x6d, 0x02, 0x9d, 0x10,
    0xa1, 0x9c, 0x90, 0x12, 0xde, 0x17, 0x07, 0xb6, 0x84, 0x27, 0x18, 0x5d, 0xe1, 0xd6, 0xfc, 0x0f,
    0x8e, 0xff, 0xc0, 0x94, 0x68, 0xf2, 0x26, 0x03, 0x69, 0xf9, 0x36, 0x5a, 0x23, 0x29, 0xc2, 0x21,
    0xd9, 0xd4, 0x05, 0x5d, 0x30, 0x69, 0x5a, 0x8a, 0x69, 0xa0, 0x20, 0xf4, 0xf1, 0x9d, 0xc5, 0x38,
    0x41, 0x30, 0x61, 0x27, 0x72, 0xc6, 0x1c, 0x3a, 0xb7, 0x65, 0xb3, 0x44, 0x31, 0x7a, 0x24, 0x81,
    0x45, 0x88, 0x2a, 0x47, 0x0b, 0x24, 0x79, 0x45, 0x26, 0xa6, 0xa1, 0xd0, 0xcb, 0x91, 0xe2, 0xd6,
    0xf6, 0xd1, 0xf8, 0xb3, 0xf1, 0x9f, 0xc6, 0xff, 0x6d, 0xfc, 0xbf, 0xc6, 0xff, 0x63, 0xfc, 0xaf,
    0xf0, 0xf9, 0x19, 0x88, 0x5d, 0xff, 0x3b, 0xe8, 0x49, 0x5a, 0xb3, 0x41, 0x7c, 0x46, 0xde, 0xec,
    0x59, 0x10, 0x49, 0x46, 0x5e, 0x73, 0xd6, 0xc6, 0xdf, 0x4b, 0x6c, 0xfa, 0x3d, 0x26, 0x8d, 0x31,
    0xaa, 0xc3, 0x90, 0x1f, 0xaf, 0x8b, 0x78, 0x5f, 0xb2, 0xf2, 0x71, 0xc4, 0xfa, 0x71, 0x18, 0x73,
    0x19, 0x12, 0x9d, 0x27, 0x9d, 0xe4, 0x66, 0x83, 0xf7, 0x11, 0x24, 0xce, 0x6a, 0x95, 0x59, 0xd8,
    0x0b, 0x5a, 0x52, 0x3f, 0xb5, 0x72, 0xa9, 0xce, 0xde, 0x6b, 0x67, 0x5d, 0xc3, 0x75, 0x9b, 0xc1,
    0xa6, 0x8a, 0x02, 0x20, 0xdb, 0xf1, 0x3e, 0xa7, 0x45, 0x13, 0x82, 0x25, 0xcd, 0xd0, 0x59, 0xdb,
    0x6f, 0x56, 0x2b, 0xa2, 0x6a, 0x21, 0xc1, 0x8d, 0x91, 0xbb, 0x31, 0xb1, 0xd2, 0x5b, 0x50, 0xba,
    0x2a, 0x4a, 0x9f, 0x46, 0x74, 0xec, 0x5d, 0xf7, 0xfc, 0x99, 0x85, 0x47, 0xac, 0x14, 0x78, 0xd6,
    0x8b, 0xeb, 0x9b, 0xb5, 0x52, 0xb2, 0x04, 0x89, 0x87, 0x29, 0xe9, 0x32, 0x24, 0x82, 0x9a, 0xa7,
    0x14, 0xc9, 0xc6, 0x73, 0x62, 0x39, 0x92, 0x75, 0x07, 0x25, 0xc9, 0xfa, 0x69, 0x4f, 0x53, 0x54,
    0x4b, 0x77, 0xaa, 0x8d, 0x7b, 0x35, 0xab, 0x8d, 0x5b, 0x78, 0x13, 0x70, 0x4f, 0x9d, 0xc9, 0xc7,
    0xb2, 0xdf, 0xcd, 0x23, 0xd9, 0x64, 0x07, 0x9a, 0xa7, 0xe2, 0xa4, 0xa3, 0x7a, 0x13, 0x7e, 0x47,
    0xcf, 0x5f, 0xb9, 0x94, 0xfc, 0x25, 0x09, 0x43, 0xf7, 0xbf, 0xcb, 0xe7, 0xaf, 0xe1, 0xd9, 0x6b,
    0x56, 0xbe, 0xa1, 0x9e, 0xba, 0x4e, 0x74, 0x04, 0xaa, 0xa5, 0x6a, 0x9d, 0x27, 0x3e, 0x6f, 0x0d,
    0xfa, 0x7b, 0x02, 0xbe, 0x20, 0x9d, 0xb2, 0xd6, 0xbe, 0x1b, 0x67, 0xac, 0xde, 0xd3, 0x3d, 0x60,
    0xf5, 0xbe, 0x2b, 0xa7, 0xab, 0xde, 0xd3, 0x3a, 0x5a, 0xf5, 0x66, 0x3e, 0x57, 0xfd, 0x4e, 0x9c,
    0xa9, 0x3e, 0xb1, 0xf3, 0xd4, 0xa4, 0xf4, 0x8d, 0xe5, 0x59, 0xef, 0xd9, 0x18, 0xc3, 0xa1, 0x7d,
    0xfd, 0x22, 0xbb, 0x97, 0x42, 0xf3, 0x1a, 0x88, 0x57, 0x13, 0xe6, 0x95, 0x2a, 0xcd, 0xfb, 0xd2,
    0x4c, 0xea, 0x4d, 0x17, 0x25, 0x55, 0xc8, 0xbb, 0x3c, 0x59, 0xc8, 0xf7, 0xea, 0xaa, 0x8b, 0x2c,
    0x6b, 0x92, 0x69, 0x87, 0x0f, 0x47, 0x98, 0x71, 0x6e, 0xb1, 0xbb, 0x0e, 0x61, 0xb8, 0x5e, 0xa9,
    0x02, 0x5a, 0x00, 0xa4, 0x70, 0x22, 0x07, 0x4c, 0x0b, 0xa1, 0x7d, 0x33, 0x2f, 0xdd, 0x98, 0x89,
    0xdd, 0x97, 0x11, 0xa9, 0x40, 0x78, 0x1c, 0xcf, 0xaf, 0x94, 0x8c, 0x20, 0x81, 0xe5, 0x34, 0x49,
    0x9a, 0x95, 0x63, 0x99, 0x88, 0x58, 0x2d, 0x61, 0xc8, 0xde, 0x83, 0xe0, 0x4a, 0xde, 0x51, 0xea,
    0x81, 0x42, 0xa0, 0x41, 0xc8, 0xfe, 0xff, 0x47, 0xf3, 0xba, 0x47, 0x83, 0x81, 0x3d, 0xe6, 0x75,
    0x91, 0x86, 0xc1, 0x7a, 0x02, 0x37, 0x69, 0x52, 0xdc, 0x9f, 0x19, 0xfe, 0x7e, 0x4b, 0x9e, 0xa1,
    0x72, 0x50, 0x9a, 0xaf, 0x14, 0x17, 0x69, 0x05, 0x29, 0xf1, 0x22, 0xd6, 0x7b, 0x81, 0x7d, 0x88,
    0x48, 0xa7, 0x91, 0x1c, 0x10, 0x0a, 0x2f, 0x70, 0x92, 0x92, 0x7c, 0x53, 0x3e, 0x11, 0x08, 0x02,
    0xc0, 0xe2, 0x09, 0x94, 0x82, 0x01, 0xda, 0xf3, 0x2f, 0xfe, 0x5c, 0xcb, 0xbd, 0xf4, 0x7c, 0xab,
    0xbe, 0xcc, 0xee, 0x5f, 0x1f, 0xc5, 0xc3, 0x5b, 0x6b, 0x74, 0x0b, 0xe1, 0x36, 0x3f, 0xfb, 0x45,
    0x41, 0xef, 0x9d, 0xe3, 0x77, 0xb4, 0xdc, 0xaf, 0x97, 0xcb, 0x6c, 0x7b, 0xcf, 0x73, 0xcb, 0x8d,
    0x6a, 0xee, 0x17, 0x66, 0x51, 0x89, 0x6a, 0x12, 0x4e, 0xa1, 0x8f, 0xd8, 0x4d, 0x2f, 0x8a, 0x22,
    0xcc, 0x95, 0x7d, 0x39, 0x6d, 0x00, 0x95, 0xbb, 0xc9, 0x0e, 0xc3, 0x12, 0x94, 0xc8, 0x93, 0x8a,
    0x65, 0x94, 0x7f, 0x68, 0x16, 0xe7, 0x6c, 0x56, 0x21, 0x1a, 0x11, 0x61, 0x36, 0xef, 0x6c, 0x06,
    0x63, 0x5e, 0x4a, 0x9c, 0x18, 0xc2, 0x09, 0x04, 0x35, 0xd1, 0x91, 0x29, 0x0e, 0xda, 0x33, 0xdb,
    0x83, 0x9e, 0x08, 0x25, 0x7d, 0x12, 0x3a, 0x39, 0xa4, 0x5c, 0x82, 0x9a, 0xd9, 0x12, 0xa4, 0x22,
    0xe5, 0xec, 0xdc, 0x9f, 0x9f, 0x2a, 0x07, 0xdb, 0x87, 0x6c, 0x56, 0xf9, 0xaf, 0xcc, 0xac, 0xc2,
    0x6c, 0x4a, 0x5f, 0xb0, 0x33, 0xed, 0x14, 0xda, 0x67, 0xb3, 0xc5, 0xf9, 0x77, 0xb0, 0x2d, 0x25,
    0xb0, 0xe9, 0x83, 0x09, 0xe6, 0x9e, 0x78, 0x5f, 0xfe, 0xe7, 0xc9, 0x7a, 0x13, 0x1c, 0x53, 0xd3,
    0xa5, 0xee, 0xa8, 0x97, 0x79, 0x18, 0x4d, 0x3a, 0x30, 0xf3, 0xa8, 0x17, 0xc9, 0x04, 0x2f, 0x48,
    0x31, 0xf6, 0x54, 0x27, 0x98, 0x7a, 0xa4, 0x75, 0x8b, 0x1b, 0x70, 0x6c, 0xbf, 0x59, 0x5f, 0x0d,
    0x40, 0xcb, 0xcb, 0x19, 0x2b, 0x2b, 0xba, 0x70, 0x1a, 0xa6, 0x10, 0x98, 0x79, 0xea, 0x33, 0x30,
    0x06, 0xc5, 0xcc, 0x53, 0x57, 0xa2, 0x74, 0xc5, 0xdc, 0x64, 0x27, 0x31, 0x87, 0x79, 0xda, 0x78,
    0xc2, 0xc1, 0x9c, 0xc8, 0x6b, 0x36, 0xec, 0x8e, 0xec, 0x6e, 0x32, 0x4f, 0x6d, 0x4e, 0x15, 0x77,
    0x61, 0x17, 0xca, 0x2c, 0xea, 0x62, 0xdf, 0x9e, 0x98, 0xb8, 0xcb, 0xa1, 0xc5, 0xef, 0xdd, 0x73,
    0xe3, 0x4e, 0xb5, 0x4c, 0x21, 0x24, 0x18, 0x8c, 0x74, 0xfd, 0x2d, 0x9e, 0x97, 0x5c, 0xd6, 0x9a,
    0x7a, 0x23, 0xbf, 0xe3, 0xec, 0x0c, 0x7e, 0xe8, 0x58, 0xb6, 0xe9, 0x06, 0x7a, 0xa2, 0x40, 0xec,
    0x23, 0x29, 0x94, 0x1d, 0x5a, 0x71, 0x93, 0xb4, 0x28, 0x0e, 0x61, 0xe2, 0x0c, 0x64, 0x1e, 0xb3,
    0xb8, 0x0b, 0xbf, 0x63, 0x75, 0xad, 0x22, 0x60, 0xd9, 0x68, 0x38, 0xeb, 0x75, 0x78, 0x84, 0x80,
    0xb5, 0x37, 0xae, 0x5c, 0xbd, 0xb0, 0x81, 0x51, 0x17, 0xf4, 0xa8, 0xde, 0x90, 0x52, 0x19, 0x94,
    0x86, 0x9f, 0x5b, 0xc5, 0x4b, 0x56, 0x4c, 0x7d, 0xc8, 0x14, 0x6d, 0x83, 0x79, 0xe3, 0x20, 0x27,
    0x6a, 0x4c, 0x0c, 0xff, 0x10, 0x09, 0xcc, 0x2d, 0x02, 0x8e, 0x7f, 0xf3, 0x87, 0x3b, 0xfc, 0x0a,
    0xb2, 0xb2, 0x47, 0x3c, 0x3e, 0x55, 0xa4, 0xd3, 0x4f, 0x59, 0x64, 0x9c, 0x29, 0x1d, 0x0a, 0x26,
    0x0c, 0x1f, 0x6d, 0x78, 0x9e, 0xd5, 0x99, 0x98, 0xd1, 0x2f, 0x43, 0xc3, 0x2f, 0x5d, 0xc6, 0xfb,
    0xcc, 0x74, 0x4b, 0x73, 0xea, 0x74, 0xa8, 0xad, 0x5b, 0xc3, 0xd3, 0xb6, 0x8d, 0x69, 0xd6, 0x48,
    0xec, 0x3c, 0x18, 0x3f, 0x98, 0xa9, 0x69, 0x17, 0x46, 0x9e, 0xdc, 0x78, 0xaa, 0x22, 0x3d, 0x89,
    0x95, 0x20, 0xe0, 0x2b, 0x74, 0x0b, 0xf3, 0xaa, 0x73, 0xe1, 0x32, 0x63, 0x28, 0x11, 0xa5, 0x8a,
    0x88, 0x4b, 0x64, 0x00, 0x38, 0x08, 0xa2, 0x17, 0xe1, 0x31, 0xaa, 0x7c, 0x95, 0xfc, 0x60, 0x72,
    0x62, 0x33, 0x1a, 0xc1, 0x85, 0xcb, 0xdf, 0x7d, 0x54, 0xef, 0x76, 0xd7, 0x56, 0xcb, 0x02, 0xd5,
    0x3f, 0x0b, 0x23, 0x35, 0x45, 0xc6, 0x7a, 0x8a, 0xa5, 0xff, 0x23, 0x9d, 0x4e, 0x73, 0x73, 0xee,
    0xd1, 0x4c, 0xab, 0x6f, 0x0c, 0x39, 0xe6, 0xa3, 0x26, 0x53, 0x7c, 0xe5, 0x6a, 0xf1, 0x9f, 0xe0,
    0x7f, 0x4f, 0x89, 0x06, 0xd6, 0x2b, 0x6b, 0xd5, 0x52, 0x65, 0x79, 0xb5, 0xb4, 0x54, 0xaa, 0x9c,
    0x6a, 0xfc, 0x1f, 0x84, 0x33, 0x99, 0x6d, 0x65, 0xa2, 0xe9, 0xc4, 0x28, 0x6c, 0xc8, 0x7d, 0x9e,
    0xd0, 0x0d, 0x4d, 0xd7, 0xe7, 0x36, 0xd7, 0x7b, 0xbe, 0x3f, 0x6c, 0x2c, 0x2e, 0x2a, 0x7d, 0xdc,
    0x5c, 0x7f, 0x02, 0x54, 0x02, 0xfc, 0x3a, 0x27, 0x12, 0x1c, 0xde, 0x4b, 0x22, 0x92, 0xfb, 0x1a,
    0xf9, 0x90, 0xdd, 0x66, 0xf2, 0xdc, 0xf1, 0xed, 0x0c, 0x74, 0xd1, 0xb5, 0x5c, 0x10, 0x1c, 0x36,
    0x1d, 0xc7, 0xdf, 0x08, 0x48, 0x22, 0x2b, 0x89, 0x84, 0x50, 0x78, 0xd1, 0x0d, 0xdf, 0xf2, 0xd1,
    0xf8, 0xc0, 0xd2, 0x07, 0x8b, 0xc4, 0x77, 0x84, 0xc4, 0x11, 0x6a, 0x0a, 0x6b, 0x92, 0x5d, 0x6f,
    0x63, 0xd3, 0x70, 0x63, 0x61, 0x6a, 0x70, 0x76, 0xb4, 0x0a, 0x06, 0xd6, 0x51, 0x0f, 0xe6, 0x97,
    0x23, 0x91, 0x6b, 0x56, 0xc3, 0xed, 0x93, 0xe7, 0x8f, 0x60, 0x95, 0x64, 0x3f, 0x80, 0xcd, 0x8a,
    0x59, 0x2b, 0x27, 0x9c, 0xfc, 0x77, 0xeb, 0x2b, 0xed, 0x72, 0xb9, 0x19, 0x10, 0x60, 0xbb, 0xbd,
    0x5a, 0xa6, 0xf3, 0x96, 0x64, 0xe2, 0x6b, 0x30, 0xed, 0x5c, 0x72, 0x26, 0x2a, 0x95, 0x4a, 0x7c,
    0x5a, 0x87, 0x53, 0x32, 0xdd, 0x84, 0xdd, 0x64, 0x91, 0xad, 0x82, 0xeb, 0x16, 0xd2, 0x51, 0xca,
    0x2d, 0xe6, 0x44, 0x8a, 0xf7, 0x3d, 0xc5, 0xe9, 0x4e, 0x4c, 0x21, 0x42, 0xed, 0xe0, 0x11, 0x9f,
    0xdb, 0x07, 0x42, 0x13, 0x02, 0x6c, 0x1e, 0x46, 0x3c, 0xfd, 0xc5, 0x72, 0xd1, 0x8d, 0xc7, 0x66,
    0x7c, 0x52, 0xe5, 0xbe, 0x64, 0xf5, 0x89, 0xc0, 0xa9, 0x6f, 0x8f, 0x5c, 0x0f, 0xc6, 0x37, 0x74,
    0x2c, 0x7e, 0xc3, 0x22, 0xf5, 0x7e, 0x3e, 0x2d, 0x30, 0xc6, 0x1a, 0x90, 0x43, 0x2d, 0x90, 0x2d,
    0xca, 0xec, 0x48, 0xa2, 0x32, 0x16, 0xc3, 0x8b, 0xf8, 0x17, 0xe9, 0x77, 0x47, 0xf2, 0xf4, 0xe0,
    0xab, 0xea, 0x52, 0xa0, 0x30, 0x92, 0x8a, 0xb4, 0x59, 0x90, 0x5f, 0xba, 0x36, 0xa2, 0xc8, 0x3c,
    0x89, 0x19, 0x5d, 0xd5, 0xa5, 0x11, 0x34, 0x19, 0xe2, 0x69, 0xdb, 0x18, 0x6c, 0x10, 0x69, 0xa6,
    0x93, 0x29, 0x14, 0xe1, 0xa6, 0xf5, 0xfb, 0xdc, 0xac, 0xce, 0x7d, 0x29, 0x79, 0x9a, 0x37, 0xc6,
    0x75, 0x13, 0x24, 0xc4, 0xb0, 0x85, 0x88, 0x99, 0x3b, 0x3d, 0x69, 0xd2, 0x34, 0x81, 0x71, 0x64,
    0x87, 0x90, 0x07, 0xa6, 0xcf, 0x32, 0x7b, 0x8a, 0xbe, 0x93, 0xec, 0x08, 0x4f, 0x8b, 0x3c, 0xdf,
    0xa7, 0x6d, 0xc5, 0xde, 0x00, 0xea, 0xb4, 0xcd, 0x9e, 0x63, 0x93, 0xf9, 0x8f, 0xb4, 0xd6, 0xf0,
    0xb8, 0xee, 0x6f, 0xff, 0x73, 0xca, 0x10, 0xff, 0xf6, 0x20, 0x50, 0xf3, 0xbf, 0xa6, 0xc0, 0x2e,
    0xb7, 0x58, 0xae, 0x39, 0xdb, 0x82, 0xee, 0x8d, 0xec, 0xa9, 0xbe, 0x8b, 0xf2, 0x26, 0xa5, 0xe5,
    0xae, 0x5c, 0x79, 0xe9, 0xf9, 0x7c, 0x23, 0xf1, 0xde, 0x32, 0x99, 0x1d, 0xc2, 0x81, 0x8a, 0xb8,
    0x0d, 0xb8, 0x4f, 0x69, 0xd2, 0x08, 0x5a, 0x7a, 0x14, 0x28, 0xb1, 0x23, 0x0e, 0x9a, 0x74, 0x40,
    0xdb, 0x1c, 0x6c, 0xf9, 0xbd, 0x96, 0x5e, 0xab, 0xea, 0x19, 0xd3, 0x4f, 0x1d, 0x30, 0x0a, 0x84,
    0x61, 0x13, 0xb0, 0x46, 0xa6, 0x6b, 0x4a, 0x4b, 0x3c, 0xd7, 0x6f, 0xa3, 0x12, 0x21, 0x9c, 0x21,
    0xb4, 0xb3, 0x03, 0xb4, 0xa6, 0xab, 0xa8, 0x8a, 0x8f, 0xa3, 0x43, 0x09, 0xbc, 0xcf, 0xd0, 0xff,
    0x5e, 0x5b, 0xa5, 0xf8, 0x0c, 0xb0, 0x36, 0x77, 0x89, 0x1f, 0xc0, 0x62, 0x28, 0xe3, 0x59, 0xae,
    0x85, 0xc8, 0xcc, 0x5a, 0x62, 0x3f, 0xf4, 0x49, 0x39, 0x86, 0x56, 0x13, 0x52, 0xd2, 0x20, 0xfb,
    0xa2, 0x9e, 0x97, 0x41, 0xa3, 0xa2, 0x34, 0x3a, 0x21, 0xf6, 0x33, 0xa3, 0xf3, 0x65, 0x80, 0x97,
    0x3b, 0xa3, 0x74, 0xfd, 0x8c, 0x92, 0x94, 0x97, 0xe2, 0x39, 0x24, 0xef, 0x49, 0xec, 0xf3, 0x3b,
    0xcf, 0xbf, 0x94, 0x10, 0x22, 0xb3, 0xf1, 0xad, 0x4f, 0xe9, 0x12, 0x3f, 0x33, 0x9a, 0x1e, 0x86,
    0x61, 0x83, 0x5e, 0x4f, 0x15, 0xf3, 0x92, 0xb8, 0x17, 0x48, 0xb1, 0x53, 0x76, 0xe5, 0x13, 0xec,
    0x42, 0x7f, 0x8a, 0x6f, 0x28, 0x2c, 0x92, 0xd0, 0x97, 0xe4, 0x5c, 0xf0, 0x2e, 0x8b, 0x37, 0x08,
    0xe8, 0x75, 0xfc, 0x0e, 0x27, 0x20, 0x81, 0xf3, 0xa5, 0x04, 0x76, 0x4c, 0x96, 0x61, 0xd4, 0x88,
    0x35, 0x9e, 0x87, 0x41, 0x70, 0x02, 0x65, 0x78, 0xf4, 0x1e, 0x27, 0xe2, 0xf3, 0xa2, 0x48, 0x86,
    0x08, 0x3c, 0xfb, 0x37, 0x58, 0x01, 0x0d, 0xcc, 0x25, 0xda, 0xce, 0x32, 0x13, 0x20, 0xec, 0xd7,
    0x1f, 0xcc, 0x9f, 0xfe, 0x40, 0xe2, 0xfd, 0x9e, 0x92, 0x1f, 0xef, 0xf9, 0x8c, 0xd4, 0x17, 0xdb,
    0xf2, 0x8c, 0x6d, 0x33, 0xbe, 0xe5, 0x25, 0xd8, 0x4c, 0xb8, 0xd9, 0x86, 0xa7, 0x50, 0x2b, 0x97,
    0x9f, 0x0b, 0xa9, 0x55, 0x4d, 0x54, 0x56, 0x09, 0xf7, 0x2d, 0x12, 0x7f, 0xab, 0xca, 0x89, 0x3c,
    0xed, 0xa1, 0xa9, 0xc7, 0xd3, 0x5a, 0x98, 0xf1, 0xf2, 0x50, 0x11, 0xc2, 0x22, 0x96, 0x27, 0x85,
    0x5e, 0x64, 0x8b, 0x8b, 0x1a, 0x93, 0x4d, 0x3e, 0xa4, 0x4f, 0x08, 0xed, 0x18, 0xdd, 0x6d, 0x93,
    0x72, 0xb5, 0x4d, 0x39, 0x7c, 0x9d, 0x66, 0x9d, 0x9a, 0xa2, 0x01, 0xc4, 0xe7, 0xd9, 0x77, 0x8d,
    0x01, 0x6c, 0xf1, 0x2e, 0x00, 0x11, 0x02, 0xab, 0x59, 0x5f, 0xa9, 0xad, 0xd4, 0x12, 0xb8, 0x1f,
    0x7f, 0x21, 0x0f, 0xa3, 0xaa, 0xe4, 0x14, 0xc3, 0xe9, 0xb9, 0xe4, 0x60, 0x18, 0x8d, 0xe4, 0x6c,
    0x62, 0x77, 0x59, 0x7e, 0xe7, 0x47, 0x11, 0x41, 0xfe, 0x28, 0x41, 0x8c, 0x49, 0xb3, 0x50, 0x29,
    0xfa, 0xf6, 0x69, 0x42, 0x35, 0xb2, 0x68, 0x42, 0x5f, 0x84, 0xee, 0xa4, 0x89, 0x99, 0x6b, 0xb3,
    0xe8, 0x7f, 0x7f, 0x62, 0xb7, 0x15, 0xe4, 0x1b, 0x65, 0xb9, 0x57, 0x5e, 0x78, 0x79, 0xde, 0xfe,
    0xe1, 0x09, 0xcd, 0x90, 0x27, 0x36, 0x77, 0xdd, 0xc4, 0xcb, 0x3d, 0xec, 0x08, 0x5a, 0xb8, 0xca,
    0xde, 0x51, 0x52, 0x0a, 0x40, 0x8f, 0xc8, 0x47, 0xfb, 0x15, 0xd8, 0x40, 0xac, 0x81, 0x61, 0x6b,
    0x2f, 0xfc, 0xf3, 0xc8, 0x1a, 0xf6, 0x61, 0xea, 0xb4, 0x97, 0x41, 0xc2, 0xe9, 0x1a, 0x6d, 0x7f,
    0xe4, 0x9a, 0x2e, 0xbb, 0x30, 0x87, 0xee, 0x9d, 0xb7, 0x83, 0x8b, 0x38, 0x09, 0x37, 0xed, 0x44,
    0x20, 0x25, 0x39, 0x3e, 0xac, 0xb8, 0x00, 0x81, 0x1e, 0x59, 0x2c, 0x3c, 0x34, 0x9d, 0x19, 0xbe,
    0xc3, 0x78, 0xf6, 0x11, 0xcf, 0x8f, 0xce, 0x32, 0x4d, 0xf2, 0x3b, 0x49, 0x74, 0xe7, 0x08, 0xc3,
    0x00, 0xe2, 0x89, 0xf8, 0x7d, 0xba, 0xfa, 0xc7, 0x53, 0x9e, 0x8b, 0x6b, 0xb0, 0x52, 0x3a, 0x0f,
    0x25, 0xe5, 0xda, 0xef, 0xe8, 0xb6, 0x54, 0x90, 0x0b, 0x72, 0x96, 0x50, 0xb0, 0x84, 0x4b, 0x8e,
    0xd9, 0xdf, 0xe8, 0x1a, 0x23, 0xdb, 0x3f, 0xb5, 0xe5, 0xeb, 0x3f, 0xe8, 0x98, 0xf7, 0x0b, 0xb6,
    0x1c, 0x6c, 0x6d, 0x60, 0x2c, 0x5a, 0xee, 0xc2, 0x95, 0x4b, 0x73, 0x46, 0x81, 0x0b, 0xc3, 0x21,
    0xd0, 0x99, 0x41, 0x2e, 0xdd, 0x57, 0x48, 0xa6, 0xd7, 0x2e, 0xd9, 0xc6, 0x96, 0xc7, 0x6f, 0xe7,
    0xd2, 0xc2, 0x3f, 0xa6, 0x13, 0x92, 0x43, 0x3c, 0x68, 0x15, 0xdd, 0x8a, 0xba, 0xf1, 0xaa, 0x88,
    0xc1, 0x82, 0x14, 0xb2, 0xec, 0xeb, 0xaf, 0x13, 0x47, 0xc7, 0xed, 0xef, 0x76, 0x98, 0x75, 0x9d,
    0x9d, 0x0d, 0x23, 0x5e, 0xfc, 0x29, 0x48, 0xe0, 0xfe, 0x15, 0x6f, 0x4e, 0x44, 0x59, 0x14, 0xe8,
    0x21, 0xa2, 0x88, 0x2a, 0xf7, 0x9b, 0xdf, 0xa5, 0x03, 0xe3, 0xc9, 0x88, 0x20, 0x1c, 0x35, 0xc4,
    0xfd, 0x4a, 0x34, 0x73, 0xcd, 0xbc, 0xa6, 0x86, 0xd7, 0xdd, 0xe8, 0xe2, 0x84, 0x9c, 0x76, 0x4d,
    0x91, 0x56, 0xd8, 0x65, 0x9b, 0x28, 0x83, 0x98, 0xff, 0x9d, 0x3f, 0xb5, 0x8d, 0xf0, 0x54, 0x9c,
    0xdf, 0xf8, 0x43, 0x92, 0x4f, 0x27, 0xf0, 0x5c, 0xb8, 0x4a, 0xb0, 0x48, 0x95, 0x0a, 0x2d, 0xd3,
    0xa7, 0x2c, 0xb6, 0x2e, 0x0b, 0xe7, 0xc4, 0xb2, 0x47, 0x1d, 0xd2, 0x39, 0x1d, 0xbb, 0x4b, 0x48,
    0x0b, 0x71, 0xc4, 0x82, 0x9c, 0x41, 0x99, 0x87, 0x21, 0xad, 0x3d, 0x8e, 0x7b, 0x7c, 0x1f, 0x45,
    0x13, 0xea, 0xfc, 0x8e, 0x1f, 0xd2, 0x3f, 0x22, 0x33, 0xdb, 0x1b, 0xcc, 0x7d, 0x92, 0x6c, 0x0d,
    0x2c, 0xa6, 0xe2, 0x43, 0x4d, 0x82, 0xfb, 0x7a, 0x42, 0x76, 0xd5, 0x2c, 0x84, 0xd9, 0xb1, 0x8c,
    0xad, 0x53, 0xd3, 0x65, 0x2c, 0xc4, 0x5d, 0x4e, 0x0d, 0x06, 0xf7, 0xe4, 0xef, 0xef, 0x1c, 0xf0,
    0xbb, 0x92, 0x3c, 0x5b, 0x51, 0xec, 0x5d, 0xda, 0x41, 0x6c, 0x2c, 0x28, 0x6e, 0x62, 0x54, 0x5d,
    0xee, 0x57, 0xa2, 0x84, 0xbc, 0x53, 0xf1, 0x61, 0x69, 0x8d, 0xa1, 0x83, 0x14, 0xa9, 0x28, 0xea,
    0xfb, 0x81, 0x0e, 0xbe, 0x69, 0x31, 0x50, 0x8f, 0xa2, 0x11, 0xf6, 0x94, 0x00, 0xbc, 0x92, 0x2f,
    0xee, 0x3d, 0x35, 0x30, 0x1f, 0x82, 0x9a, 0x79, 0xd9, 0xdb, 0xbd, 0x0d, 0x0a, 0xb6, 0xe7, 0xcd,
    0x79, 0xdd, 0xc9, 0xb9, 0xe5, 0xfb, 0xb2, 0xf0, 0xe4, 0xd6, 0x75, 0x8a, 0xf5, 0x5e, 0x9d, 0xba,
    0xde, 0xc2, 0xe5, 0xe0, 0x3b, 0xb1, 0xe6, 0x78, 0x8c, 0x9b, 0xb6, 0xe8, 0x53, 0xdc, 0x0f, 0xff,
    0x18, 0xe3, 0x5f, 0x2c, 0xe2, 0x6f, 0x78, 0x67, 0xff, 0x31, 0x29, 0x7d, 0xa4, 0x18, 0x9f, 0x44,
    0xaa, 0x53, 0x0e, 0x12, 0x32, 0x0c, 0xc5, 0xdc, 0xb6, 0xda, 0x26, 0x1d, 0xa4, 0x91, 0xf1, 0xf6,
    0x14, 0xf8, 0xcb, 0xc2, 0x2e, 0xdf, 0x62, 0x43, 0xfa, 0x78, 0xfc, 0xd1, 0x93, 0x4b, 0x9c, 0xab,
    0xb4, 0xc4, 0x36, 0x99, 0x2f, 0x78, 0x26, 0xdd, 0x87, 0xa1, 0xe3, 0xcb, 0x63, 0xb2, 0x26, 0xdf,
    0x22, 0x6c, 0x55, 0x2d, 0xc6, 0x81, 0x68, 0xa9, 0x6c, 0x42, 0x55, 0xda, 0x84, 0x3e, 0x03, 0xfc,
    0xf8, 0x5a, 0xcb, 0x5d, 0x05, 0xf5, 0x94, 0x79, 0x95, 0xdd, 0x95, 0x1a, 0xcb, 0xfd, 0xcc, 0x74,
    0x3d, 0x58, 0xcc, 0x7c, 0x54, 0x54, 0xb8, 0x83, 0x09, 0x76, 0x53, 0xf1, 0x9f, 0x04, 0x1b, 0x35,
    0xc2, 0x48, 0x78, 0x17, 0x2c, 0x22, 0xc1, 0x24, 0xe4, 0xb4, 0x9d, 0xb6, 0x86, 0x9e, 0x8d, 0xba,
    0xe9, 0x36, 0xaa, 0x61, 0xa7, 0x64, 0x41, 0xf2, 0xc4, 0xbe, 0x72, 0xf5, 0x89, 0xaf, 0x9a, 0x3c,
    0xea, 0x50, 0x6e, 0x9b, 0x89, 0x8f, 0xd0, 0xc2, 0x2d, 0xe5, 0x53, 0x62, 0xd3, 0x28, 0x66, 0x16,
    0x76, 0xc9, 0x03, 0xa0, 0xdd, 0xe3, 0xb2, 0xfa, 0x11, 0x0b, 0x05, 0x2d, 0x6e, 0x26, 0xa3, 0xf3,
    0xe2, 0x3d, 0x71, 0x1d, 0x04, 0x33, 0x0f, 0x1f, 0x29, 0x22, 0x01, 0x43, 0x28, 0xe6, 0xdf, 0x31,
    0xfb, 0x1a, 0x39, 0xfe, 0x5c, 0x16, 0xe8, 0x63, 0x0a, 0x67, 0xfd, 0x7a, 0xd8, 0xaf, 0xc9, 0x27,
    0x85, 0x2f, 0x5c, 0xb9, 0x5c, 0xab, 0x6a, 0x0b, 0xda, 0xcf, 0x2d, 0x3c, 0x6e, 0x3a, 0x45, 0xbb,
    0xff, 0x83, 0xdd, 0xc4, 0x13, 0xce, 0xbf, 0x78, 0x2e, 0x73, 0x67, 0xee, 0x79, 0x12, 0xa3, 0x29,
    0x48, 0x78, 0x2c, 0x6f, 0xd6, 0xaa, 0xb8, 0x62, 0x8e, 0xed, 0x52, 0x12, 0x1e, 0x76, 0xe1, 0x91,
    0xe9, 0xe8, 0xe1, 0x0d, 0x4b, 0xed, 0x3f, 0x5d, 0xc5, 0x34, 0xa6, 0xa8, 0x5f, 0x72, 0xd7, 0xb3,
    0x4a, 0x95, 0xd0, 0x40, 0x5b, 0xa8, 0x10, 0x9a, 0xfc, 0x31, 0xee, 0x24, 0x2a, 0x27, 0xc6, 0xe6,
    0x48, 0xc9, 0x2e, 0x06, 0x85, 0x69, 0x15, 0x23, 0x41, 0x56, 0xd0, 0xf5, 0x4b, 0xca, 0x30, 0xce,
    0xaf, 0x1c, 0x52, 0x9c, 0xa1, 0xd7, 0x99, 0x04, 0x7c, 0x24, 0x5d, 0x03, 0xc4, 0xf8, 0xbd, 0xf1,
    0x60, 0xc9, 0x77, 0x92, 0x93, 0xb7, 0xb2, 0x84, 0xdb, 0x42, 0x56, 0xc5, 0x8c, 0x22, 0xb7, 0x23,
    0xad, 0xcf, 0x84, 0x7b, 0x49, 0xa6, 0xbf, 0x78, 0x64, 0x30, 0xb2, 0x06, 0xd2, 0x3d, 0x2e, 0x98,
    0xbe, 0x85, 0xd4, 0x8c, 0x23, 0xfe, 0xaf, 0x36, 0xb6, 0xa5, 0x60, 0xe6, 0x35, 0x91, 0x64, 0xa4,
    0x52, 0x15, 0x9e, 0x63, 0x4b, 0x68, 0x54, 0xe9, 0x3a, 0xed, 0x91, 0x17, 0x3a, 0x7d, 0x5d, 0xb2,
    0x4c, 0xbb, 0x93, 0x3b, 0xe3, 0xff, 0xea, 0x4c, 0xc1, 0x77, 0xb9, 0x63, 0xd8, 0xa6, 0x3d, 0x72,
    0x13, 0x4b, 0x74, 0x0d, 0xdb, 0x33, 0xf3, 0xd1, 0x34, 0x45, 0x4f, 0x2a, 0x57, 0x49, 0xc4, 0xb8,
    0xb5, 0x96, 0x62, 0xdb, 0x4a, 0x37, 0x48, 0x49, 0x80, 0xb4, 0x88, 0x79, 0x8f, 0xae, 0x62, 0xc8,
    0xae, 0x53, 0xa6, 0x7f, 0xf5, 0x57, 0x68, 0x5e, 0x7a, 0xe5, 0xc7, 0x09, 0x87, 0x5e, 0x30, 0xb5,
    0x69, 0x0e, 0x51, 0x51, 0x8f, 0x30, 0x7d, 0x7d, 0x5a, 0x04, 0x8c, 0x0c, 0x14, 0xfd, 0xd3, 0xab,
    0x97, 0x99, 0xf1, 0xea, 0x26, 0xdb, 0xe0, 0xb4, 0x79, 0xa7, 0x5d, 0xfc, 0x88, 0x05, 0xdd, 0x67,
    0xba, 0x32, 0x5e, 0x4b, 0x96, 0x1b, 0x23, 0xd1, 0xf2, 0x11, 0x99, 0x34, 0x1f, 0x13, 0xb1, 0x7f,
    0xc9, 0x84, 0x21, 0x96, 0xae, 0x43, 0xa1, 0xb4, 0x14, 0x2d, 0x1f, 0xfa, 0x9f, 0x81, 0x98, 0xd9,
    0xbb, 0xdb, 0xd2, 0xf6, 0xcf, 0x8f, 0x18, 0x02, 0x21, 0x21, 0xda, 0x9a, 0xb8, 0x98, 0x10, 0x3b,
    0x6c, 0x26, 0x8d, 0x52, 0x0b, 0xcd, 0xf3, 0x74, 0xd1, 0xfb, 0xf5, 0x84, 0x80, 0xc2, 0xf3, 0xa4,
    0xc6, 0x94, 0xe3, 0x3d, 0x6f, 0xe0, 0x0f, 0x37, 0x3c, 0x77, 0xbb, 0x1c, 0x90, 0xe2, 0xd0, 0x71,
    0xec, 0x12, 0x3c, 0x2d, 0x39, 0xee, 0x56, 0x3a, 0x09, 0x62, 0xbd, 0xf2, 0x34, 0x2a, 0xe4, 0x85,
    0x12, 0x09, 0xb1, 0xb2, 0xfa, 0x94, 0x28, 0x91, 0x25, 0xe0, 0x99, 0x2b, 0x82, 0x57, 0xe7, 0xee,
    0xdd, 0x8d, 0x96, 0x77, 0x06, 0x9f, 0x27, 0x3a, 0x38, 0x11, 0x8a, 0x4f, 0x42, 0xe3, 0x43, 0x16,
    0x98, 0x42, 0xe3, 0xa9, 0x7e, 0x53, 0xa8, 0x89, 0xac, 0x53, 0x91, 0x6c, 0x22, 0xdf, 0x26, 0x5a,
    0x86, 0x37, 0x0a, 0x30, 0x6a, 0x5b, 0x69, 0xcb, 0x71, 0xb6, 0x6c, 0xb3, 0xd4, 0x76, 0xfa, 0x93,
    0x31, 0xb3, 0x92, 0x05, 0x33, 0x2b, 0xdf, 0x11, 0xcc, 0x9c, 0xd7, 0x96, 0x70, 0x05, 0xc6, 0x94,
    0xba, 0x29, 0xd0, 0x84, 0x3e, 0xd5, 0x6d, 0x61, 0xfc, 0x5e, 0x10, 0xb5, 0x85, 0x64, 0xc7, 0xe9,
    0x82, 0xad, 0xe9, 0x0d, 0x37, 0x70, 0x99, 0x51, 0xb4, 0x6d, 0xd0, 0xbf, 0x39, 0xb5, 0x2f, 0xcb,
    0x4f, 0xd3, 0xbb, 0x31, 0x1a, 0x8a, 0x4e, 0x9c, 0xaa, 0xf9, 0x8f, 0xa0, 0x45, 0x46, 0x67, 0x52,
    0xc8, 0x3d, 0x49, 0x29, 0x98, 0x2c, 0x6e, 0xd3, 0xd1, 0x02, 0x33, 0x34, 0x1f, 0x02, 0xbf, 0x61,
    0x61, 0x6f, 0xa6, 0xa5, 0xf4, 0xf2, 0xda, 0x2e, 0xf0, 0x94, 0xf5, 0x6d, 0xc3, 0xd5, 0x3a, 0x88,
    0xec, 0x2d, 0xc2, 0xef, 0x66, 0xf0, 0x9b, 0x90, 0xdf, 0x6b, 0xed, 0xf9, 0xbf, 0x6a, 0xd0, 0x9b,
    0x42, 0x7f, 0x93, 0x7f, 0x21, 0x4e, 0x2d, 0x7d, 0xaf, 0xb0, 0xef, 0xfb, 0xcd, 0x0e, 0xd0, 0x18,
    0x1e, 0x90, 0x94, 0xb6, 0x4c, 0xff, 0x05, 0xdb, 0xc4, 0xaf, 0x3f, 0xbc, 0xfe, 0x52, 0x27, 0x27,
    0x69, 0xfb, 0xf9, 0x12, 0xd2, 0xed, 0x45, 0x76, 0x06, 0xd5, 0xda, 0xb1, 0x06, 0x1d, 0x67, 0xa7,
    0x64, 0x3b, 0xcc, 0x48, 0x5f, 0xea, 0x39, 0x9e, 0x8f, 0xa7, 0xfe, 0xcd, 0xee, 0x68, 0x40, 0xd6,
    0x0b, 0xad, 0xdb, 0xf7, 0x2b, 0xb9, 0xed, 0xfc, 0x9e, 0x6b, 0xfa, 0x23, 0x17, 0xb0, 0xd3, 0xfb,
    0xa9, 0xf1, 0x53, 0xf8, 0x7d, 0x5e, 0xc7, 0x80, 0xa6, 0x7a, 0x63, 0x68, 0xb8, 0x9e, 0x79, 0xc9,
    0x76, 0x0c, 0x1f, 0x1e, 0x96, 0x7c, 0xe7, 0x92, 0xb5, 0x6b, 0x76, 0x72, 0x95, 0x7c, 0x73, 0x5f,
    0x86, 0x50, 0x4e, 0x81, 0xa0, 0x37, 0x5e, 0x36, 0xfc, 0x5e, 0x89, 0x08, 0x17, 0x1e, 0x49, 0x95,
    0x36, 0x8d, 0xce, 0x96, 0x99, 0xb3, 0x3a, 0x05, 0x67, 0x00, 0xff, 0xae, 0xee, 0xfa, 0x05, 0xa7,
    0xdb, 0xc5, 0x3f, 0x3b, 0x86, 0x3b, 0xc8, 0xef, 0xe1, 0x24, 0x99, 0x76, 0x2b, 0x6d, 0xbc, 0x56,
    0x27, 0xdf, 0x34, 0xed, 0x12, 0xad, 0xd3, 0x4f, 0xc9, 0x89, 0x81, 0xe0, 0x69, 0xfa, 0x42, 0x0e,
    0xeb, 0x9f, 0xd7, 0xf1, 0x53, 0x6f, 0xe4, 0x1c, 0xf8, 0x0a, 0x7c, 0xbf, 0xa1, 0x03, 0x70, 0x3d,
    0x4f, 0x75, 0xe4, 0xd9, 0x81, 0xd7, 0xd4, 0x76, 0x83, 0xb5, 0x2d, 0x75, 0x4f, 0xbe, 0x07, 0x01,
    0x9d, 0x84, 0xd1, 0x4d, 0xe8, 0x8a, 0x02, 0x73, 0x5b, 0x82, 0x82, 0xb7, 0x1e, 0xa0, 0x76, 0x87,
    0x8d, 0xc7, 0x9b, 0x38, 0x1c, 0x2c, 0x81, 0x42, 0xb7, 0x34, 0xe1, 0x5e, 0x09, 0x1e, 0xe4, 0x0b,
    0x28, 0x80, 0xab, 0x4f, 0x8d, 0xdd, 0x7c, 0x81, 0xee, 0x71, 0x28, 0x8f, 0xf1, 0x49, 0xfe, 0xc6,
    0x8d, 0x0a, 0x81, 0xda, 0x6e, 0xe5, 0x94, 0x97, 0xec, 0xea, 0xc6, 0x8d, 0x1b, 0x08, 0x71, 0xa1,
    0xd3, 0xdc, 0x6e, 0xc9, 0x0b, 0xb3, 0x48, 0x55, 0x7f, 0x80, 0x9f, 0xe2, 0x0d, 0xb4, 0x91, 0x83,
    0xb2, 0x05, 0xf6, 0xc3, 0x1a, 0xe4, 0xe0, 0x01, 0x4c, 0x43, 0xbe, 0xc9, 0x41, 0xc1, 0x38, 0xd5,
    0x39, 0x5a, 0xd0, 0x37, 0xb6, 0xf5, 0xc2, 0x76, 0x80, 0x22, 0x08, 0x6c, 0xbd, 0x55, 0x39, 0x5f,
    0x6e, 0x54, 0xb0, 0x56, 0x70, 0x4f, 0x44, 0x9a, 0x1e, 0x2e, 0x38, 0xef, 0xb1, 0xfe, 0x52, 0x77,
    0x5f, 0x1a, 0xf8, 0xb9, 0x54, 0x24, 0xe7, 0x5a, 0x4a, 0x9e, 0x0f, 0xa6, 0xd9, 0x35, 0xfd, 0x76,
    0x2f, 0xa7, 0x2f, 0x1a, 0x43, 0x6b, 0x51, 0xe4, 0xcc, 0x2b, 0xec, 0xf5, 0x4d, 0xbf, 0xe7, 0x74,
    0x1a, 0xfa, 0xe5, 0x57, 0xae, 0x5c, 0xd5, 0x0b, 0x3d, 0xd3, 0x00, 0xf6, 0xef, 0x35, 0xf6, 0x74,
    0xbe, 0x40, 0x45, 0x34, 0x00, 0x01, 0x46, 0x18, 0xe1, 0xd1, 0xd5, 0xe2, 0x2f, 0x3d, 0x40, 0x92,
    0xfd, 0xc2, 0xa6, 0xd3, 0xb9, 0xde, 0xf8, 0x7f, 0xae, 0xbc, 0xf2, 0x53, 0x98, 0x4a, 0x17, 0x38,
    0xbd, 0xd5, 0xbd, 0x9e, 0x03, 0xea, 0xe4, 0x39, 0x18, 0x1b, 0xdb, 0xfb, 0xf9, 0x7d, 0x58, 0xeb,
    0x9e, 0x39, 0xc8, 0x89, 0x21, 0xe4, 0xdc, 0x00, 0xed, 0xdd, 0x12, 0x42, 0xc1, 0xf1, 0x45, 0xcb,
    0xf0, 0xe5, 0xef, 0xb7, 0x26, 0x0d, 0x0c, 0x37, 0x83, 0x7c, 0xb3, 0xaf, 0xa0, 0x52, 0xa7, 0xe4,
    0x5c, 0x3b, 0xaf, 0xbf, 0xf2, 0x63, 0xe8, 0xed, 0x0b, 0xae, 0xab, 0xe3, 0x24, 0x5e, 0x05, 0x5e,
    0xe8, 0x8c, 0xfc, 0x10, 0x78, 0x7e, 0x4f, 0xad, 0xa3, 0xeb, 0xcd, 0xfd, 0x42, 0x15, 0xe3, 0x8c,
    0x36, 0xad, 0x6e, 0x0e, 0x21, 0x00, 0xea, 0x86, 0xdc, 0xa6, 0xe4, 0xff, 0x8a, 0xb3, 0xa1, 0xe9,
    0xb3, 0x4c, 0x5b, 0x53, 0x29, 0xdc, 0x79, 0x5b, 0x3a, 0xdf, 0x7a, 0xa1, 0x89, 0xfd, 0xfc, 0xab,
    0x3a, 0x4c, 0x5e, 0xbb, 0xa7, 0xbf, 0x26, 0xf7, 0x65, 0x3f, 0xb2, 0xbc, 0x6c, 0x13, 0x64, 0xd8,
    0x5f, 0x4e, 0x1f, 0x7f, 0x28, 0xf6, 0xf2, 0xb5, 0x2d, 0xc1, 0xfc, 0xf7, 0x73, 0x8c, 0x28, 0xbc,
    0xca, 0xf4, 0x8a, 0x95, 0x68, 0x45, 0x18, 0xfb, 0x33, 0x5e, 0x39, 0x0f, 0x8d, 0xaa, 0x12, 0x34,
    0x7b, 0x51, 0xc9, 0x03, 0xd0, 0x98, 0x0c, 0xf3, 0x74, 0xf0, 0x89, 0x75, 0xd9, 0x74, 0xb7, 0x4d,
    0xb7, 0xdc, 0xf0, 0xca, 0x05, 0xe9, 0x77, 0xa5, 0xe1, 0x55, 0x9e, 0x18, 0x8e, 0x05, 0x22, 0xc7,
    0xd3, 0xc0, 0x32, 0xda, 0xc0, 0x04, 0xa2, 0x45, 0x9e, 0x57, 0xa6, 0x21, 0xa0, 0x8c, 0x0d, 0x13,
    0x70, 0x30, 0x13, 0x52, 0xcc, 0x01, 0x87, 0x5f, 0x36, 0x41, 0x44, 0xfe, 0xa1, 0xe1, 0x99, 0x2a,
    0xa7, 0x62, 0x8c, 0x35, 0xb5, 0x13, 0x7d, 0xac, 0xb5, 0xb1, 0x09, 0xd5, 0x42, 0x7e, 0x05, 0x53,
    0x25, 0x36, 0xc7, 0x1b, 0x37, 0xb6, 0xcf, 0x95, 0xf3, 0xdb, 0xad, 0xf2, 0xd3, 0x41, 0x3a, 0x4c,
    0x27, 0x1b, 0xf6, 0xe8, 0x09, 0x72, 0xb2, 0xfe, 0xe6, 0x53, 0xc3, 0xb1, 0xfe, 0xe6, 0x34, 0x44,
    0x52, 0xd6, 0xe0, 0xb4, 0x98, 0xe0, 0x9a, 0x6d, 0xd0, 0x24, 0x2e, 0x3a, 0xae, 0x6b, 0x8a, 0xf7,
    0xb3, 0x62, 0x83, 0x0b, 0xcb, 0x08, 0x2b, 0x32, 0x01, 0x21, 0xf6, 0x0c, 0xdb, 0x74, 0xfd, 0x9c,
    0x3e, 0x7e, 0x8f, 0xbc, 0x06, 0xf9, 0xc1, 0x7a, 0x34, 0x10, 0xe8, 0xa3, 0x30, 0x19, 0x64, 0x90,
    0x3b, 0x0c, 0x05, 0x5a, 0x98, 0x76, 0xb6, 0x84, 0xd0, 0xed, 0xa7, 0x8b, 0x55, 0x6d, 0x36, 0x2d,
    0x4f, 0x12, 0xb1, 0xda, 0x4f, 0x12, 0xb1, 0x66, 0x5b, 0x38, 0x82, 0x90, 0x09, 0x65, 0x90, 0x7d,
    0x38, 0x1d, 0xf4, 0x8c, 0xf1, 0xe0, 0xe5, 0x53, 0x59, 0x14, 0x6a, 0x14, 0xdd, 0x79, 0xc9, 0xc9,
    0xde, 0x6b, 0xd0, 0x8e, 0x92, 0xb1, 0xaf, 0x17, 0xaf, 0xb7, 0x6d, 0xf3, 0x5b, 0xe8, 0x6d, 0x1b,
    0xdb, 0x3d, 0x41, 0x7f, 0x7f, 0x64, 0x78, 0xdf, 0x42, 0x6f, 0x11, 0xed, 0x4f, 0x30, 0xb7, 0x01,
    0xe7, 0xc0, 0xee, 0xa2, 0x18, 0x02, 0xdd, 0xec, 0x5a, 0x6e, 0x1f, 0xa8, 0x3d, 0xe6, 0x96, 0x28,
    0x1d, 0x41, 0x30, 0xa7, 0x64, 0xb4, 0x09, 0xd1, 0x59, 0xf8, 0x51, 0x4a, 0xd4, 0x6d, 0xed, 0xc7,
    0x78, 0x76, 0x51, 0x29, 0x95, 0xcf, 0x83, 0x9e, 0xc3, 0xb9, 0xc0, 0xd3, 0x5c, 0xc1, 0x70, 0x74,
    0x8d, 0x93, 0xca, 0x30, 0xf9, 0xbd, 0x40, 0x4d, 0x75, 0x4d, 0xe0, 0xa7, 0x1d, 0x2a, 0x94, 0x69,
    0x8f, 0xe6, 0xba, 0x05, 0xdb, 0x1f, 0x5a, 0x68, 0x6c, 0x4a, 0xdf, 0x15, 0xc2, 0xa4, 0xc8, 0xaa,
    0xe2, 0x36, 0xb9, 0x02, 0x14, 0xe6, 0x57, 0x7a, 0xce, 0xeb, 0x2c, 0xa6, 0x0f, 0xcc, 0x91, 0xb8,
    0x22, 0x3d, 0x41, 0x18, 0x91, 0x22, 0xc7, 0x64, 0x6c, 0x8e, 0xc7, 0xad, 0x99, 0xdc, 0x5e, 0x7c,
    0xf4, 0xcc, 0x94, 0xd6, 0xc5, 0xcf, 0x97, 0x50, 0xab, 0x56, 0x36, 0xcb, 0x57, 0xf9, 0xf3, 0xd7,
    0x40, 0xe5, 0x6d, 0x32, 0xdd, 0x1a, 0x79, 0x1f, 0x7f, 0xda, 0x6a, 0xe1, 0x31, 0x85, 0x9e, 0x9f,
    0xa0, 0x70, 0x07, 0x5a, 0x01, 0xa8, 0xd0, 0x9e, 0xa9, 0xa9, 0x75, 0xfb, 0x9b, 0x93, 0xeb, 0xca,
    0xfb, 0x70, 0x52, 0x7d, 0x92, 0x16, 0x27, 0x83, 0x90, 0x64, 0xc2, 0x34, 0x08, 0x95, 0x6c, 0x10,
    0xa0, 0x18, 0x0e, 0xdd, 0xb4, 0xa1, 0x74, 0x5c, 0x28, 0x40, 0x83, 0xc1, 0xb3, 0x55, 0x26, 0x17,
    0x34, 0x24, 0x09, 0x21, 0x98, 0x6e, 0x04, 0xdb, 0xed, 0x22, 0xaa, 0xb3, 0xc4, 0xf3, 0x5c, 0x0c,
    0xf0, 0x9d, 0x61, 0xd8, 0xf4, 0x3f, 0x8f, 0x4c, 0xf7, 0x3a, 0x8b, 0xb9, 0xe6, 0xb8, 0x39, 0x9d,
    0x6c, 0xaa, 0xaf, 0xd2, 0x5d, 0x8b, 0x33, 0x52, 0x76, 0xdd, 0x33, 0xaf, 0x35, 0xf8, 0x0a, 0xb3,
    0x1e, 0x3d, 0x03, 0xcf, 0x38, 0xe5, 0x6a, 0x65, 0xa6, 0xf9, 0x8c, 0x36, 0x33, 0x03, 0x0d, 0x52,
    0xb9, 0x2a, 0x60, 0x09, 0x4a, 0xbf, 0x05, 0x8f, 0xcf, 0x07, 0xea, 0x35, 0xfc, 0xe0, 0xf2, 0x47,
    0xa3, 0x8c, 0xed, 0x42, 0xb3, 0x7c, 0x5b, 0xc3, 0x90, 0xf1, 0x01, 0x9d, 0x42, 0xb5, 0x56, 0xf5,
    0x7c, 0x15, 0xca, 0xec, 0xe3, 0x84, 0xab, 0x8f, 0x6b, 0x8d, 0x0a, 0x48, 0x4d, 0x21, 0x0e, 0x4a,
    0x59, 0x66, 0x9f, 0xc0, 0x74, 0xa4, 0x53, 0x97, 0x92, 0x54, 0x58, 0xc8, 0x78, 0xdc, 0xda, 0xdd,
    0xd2, 0x59, 0x12, 0x44, 0x9a, 0x04, 0xcb, 0xbb, 0xc0, 0x73, 0x19, 0xb7, 0xe4, 0xf1, 0x56, 0xf4,
    0xa7, 0x38, 0xd1, 0x61, 0x1f, 0xd2, 0xad, 0x49, 0x41, 0xce, 0xd1, 0xb4, 0xc1, 0xa4, 0x57, 0x54,
    0xb3, 0x90, 0x46, 0xeb, 0xe3, 0xba, 0xc1, 0xde, 0x80, 0x27, 0x00, 0x80, 0xd8, 0xe4, 0x8a, 0x3e,
    0x19, 0x96, 0x9c, 0x47, 0x32, 0x09, 0x58, 0xf5, 0x3c, 0xef, 0xd2, 0x74, 0x68, 0x61, 0x62, 0xe0,
    0xd8, 0xa8, 0x32, 0x54, 0x65, 0x31, 0x53, 0x53, 0x6a, 0x32, 0xdc, 0x9c, 0x7d, 0x36, 0x4f, 0xde,
    0x65, 0x3e, 0x91, 0x33, 0x8c, 0x3d, 0x79, 0x00, 0x89, 0x73, 0xb8, 0x9f, 0x68, 0x27, 0x53, 0x83,
    0xef, 0x11, 0x81, 0x75, 0x0c, 0xdf, 0x68, 0xed, 0xd1, 0xce, 0x64, 0x6c, 0xda, 0x66, 0x23, 0xf3,
    0xe6, 0x55, 0x69, 0x94, 0x0b, 0x9c, 0xea, 0x1a, 0x71, 0x5e, 0x86, 0xaf, 0xa0, 0x0b, 0x74, 0x69,
    0xac, 0x31, 0xdd, 0x20, 0xc7, 0xd2, 0x03, 0x0b, 0x75, 0xa6, 0xc0, 0xb2, 0x01, 0x35, 0xb2, 0x28,
    0x44, 0x3c, 0x0f, 0x92, 0x5a, 0xd5, 0xca, 0x5e, 0xd5, 0x0a, 0xaa, 0x2e, 0x62, 0x52, 0x1d, 0x56,
    0xbf, 0x93, 0xbd, 0x7e, 0x47, 0x6d, 0xba, 0x43, 0xd7, 0xc2, 0x33, 0x8c, 0x98, 0x67, 0x2f, 0x50,
    0x2a, 0xbb, 0x8e, 0xd3, 0xe7, 0x09, 0xcc, 0x1a, 0x93, 0x49, 0x8a, 0x25, 0x39, 0x53, 0x17, 0x43,
    0xa1, 0x5b, 0xa7, 0x9f, 0x79, 0x08, 0x3c, 0x79, 0xad, 0xd2, 0x13, 0x26, 0x47, 0xf3, 0xf0, 0xf2,
    0x19, 0x47, 0x23, 0x82, 0xd1, 0x2b, 0x80, 0x30, 0xcc, 0x8e, 0x09, 0x92, 0x9d, 0xe5, 0x65, 0xee,
    0x0f, 0x05, 0x1c, 0x12, 0x40, 0xf6, 0x9f, 0x8a, 0xec, 0x89, 0x44, 0x70, 0x3a, 0x7d, 0xd3, 0xdb,
    0xe2, 0x1a, 0xa4, 0x12, 0xe4, 0x87, 0x02, 0xae, 0xa0, 0xb8, 0xf5, 0x51, 0x70, 0xb3, 0xe5, 0x80,
    0x6d, 0x14, 0x6d, 0xdb, 0xe5, 0x15, 0xc4, 0xd9, 0x1c, 0x08, 0x09, 0xdd, 0xa5, 0xa5, 0x5a, 0x6d,
    0x99, 0x15, 0xe8, 0x4f, 0x30, 0x56, 0x86, 0xf1, 0x81, 0x68, 0x83, 0xeb, 0x57, 0x40, 0x31, 0xad,
    0x28, 0x32, 0x21, 0xbc, 0x6b, 0xc2, 0x23, 0xc6, 0x28, 0xe8, 0x0c, 0xb0, 0x05, 0x2d, 0xa6, 0x29,
    0xb5, 0x95, 0xb8, 0x56, 0x5b, 0x23, 0xad, 0x76, 0x5f, 0x3e, 0x6e, 0x4a, 0x91, 0xa0, 0x67, 0xef,
    0x6c, 0xb4, 0x3d, 0x79, 0x76, 0x48, 0x49, 0x39, 0xbe, 0x83, 0xd7, 0xd4, 0x50, 0x35, 0x8e, 0xf2,
    0x2e, 0x8a, 0xa4, 0x24, 0xf1, 0x2d, 0x26, 0xe2, 0x4e, 0x66, 0x5c, 0x31, 0x31, 0x18, 0x89, 0x85,
    0xa2, 0xc4, 0x65, 0xe7, 0x4f, 0x3c, 0x42, 0x5e, 0x80, 0xda, 0x22, 0x82, 0xd4, 0x0c, 0xa8, 0x1d,
    0xc4, 0xd2, 0xfa, 0xbe, 0xa1, 0xf6, 0x64, 0x05, 0x23, 0xba, 0xbc, 0x51, 0x1b, 0x49, 0x66, 0xaa,
    0xe8, 0x2b, 0xd8, 0x9a, 0x4a, 0x1b, 0x99, 0xed, 0x32, 0x1c, 0x83, 0x27, 0x61, 0xed, 0x8c, 0x23,
    0xeb, 0x9f, 0x04, 0x6d, 0xa3, 0xe1, 0xb0, 0x22, 0x0a, 0xfb, 0xa4, 0xd0, 0x58, 0xe7, 0xe9, 0xb6,
    0x30, 0xcb, 0x0b, 0xc4, 0xdc, 0xd3, 0xb9, 0x47, 0x52, 0xe0, 0x20, 0x1c, 0x09, 0xfe, 0x4a, 0xf5,
    0xe9, 0x50, 0xbe, 0xf4, 0x94, 0x75, 0xf7, 0x50, 0x7e, 0x60, 0xa4, 0x25, 0x7e, 0x3c, 0xb9, 0x43,
    0x08, 0x39, 0x46, 0x58, 0xb2, 0x2d, 0x0f, 0x6f, 0x15, 0x8a, 0x4c, 0x11, 0x91, 0x48, 0x89, 0x27,
    0x45, 0xbe, 0x0c, 0xec, 0x30, 0x63, 0x8f, 0x4f, 0x82, 0x4a, 0x64, 0x20, 0xb9, 0x84, 0x17, 0xfb,
    0x9e, 0x96, 0x99, 0x8a, 0x6e, 0x11, 0x6e, 0x50, 0xbb, 0xa7, 0x30, 0xc6, 0x64, 0x34, 0xbd, 0x5c,
    0xe6, 0x87, 0xf8, 0x06, 0x3f, 0xb4, 0x9f, 0x78, 0xc8, 0x8d, 0x8a, 0x77, 0xde, 0x2c, 0x41, 0xb5,
    0x0b, 0x3e, 0xf4, 0x77, 0x73, 0xe4, 0x9b, 0x20, 0x45, 0xe2, 0x29, 0xbe, 0x5e, 0x00, 0x29, 0x02,
    0x46, 0xb9, 0x80, 0x67, 0xf6, 0x39, 0xe3, 0xc6, 0x0d, 0x5d, 0xcf, 0x37, 0x74, 0x3c, 0xb3, 0x0f,
    0x5b, 0x1b, 0x3a, 0x18, 0xc1, 0x5c, 0x99, 0x43, 0x1e, 0x48, 0xe4, 0x84, 0xd8, 0xca, 0x9c, 0x10,
    0x74, 0x58, 0x88, 0xc1, 0x06, 0x7d, 0xd7, 0x0b, 0x9d, 0x12, 0xfe, 0xa2, 0xc4, 0x36, 0x05, 0x3d,
    0x29, 0x10, 0x1b, 0x74, 0x14, 0xaf, 0xa3, 0xf2, 0x68, 0x01, 0x7c, 0xc5, 0xb9, 0xeb, 0x52, 0x93,
    0x03, 0xdc, 0xc4, 0x4b, 0x7f, 0x7d, 0x82, 0x46, 0x5f, 0xa0, 0xca, 0xfb, 0x52, 0x36, 0xa3, 0x03,
    0xed, 0x95, 0x9f, 0xea, 0xf1, 0x67, 0x97, 0x2e, 0x05, 0x70, 0x48, 0xd6, 0xe8, 0x81, 0x70, 0x0e,
    0x48, 0x1d, 0x10, 0xe9, 0xd9, 0xb3, 0x39, 0xfa, 0x85, 0xb2, 0x7b, 0xab, 0x55, 0x39, 0xdf, 0x29,
    0x91, 0xcc, 0x27, 0x5e, 0xe3, 0xcd, 0xe9, 0x91, 0xdc, 0x07, 0x58, 0xb9, 0x02, 0x55, 0x30, 0x48,
    0xc2, 0x2f, 0xe8, 0x17, 0x5f, 0x8c, 0xa5, 0x30, 0xd1, 0x0b, 0xd4, 0xcc, 0xf9, 0xe0, 0x1d, 0x0f,
    0x86, 0x8d, 0x57, 0x24, 0x01, 0xe3, 0xf0, 0x32, 0x16, 0xc5, 0xe9, 0xa5, 0xa7, 0xbf, 0xa7, 0xa7,
    0x85, 0x67, 0xa8, 0x8a, 0xd4, 0x10, 0xb0, 0x0e, 0x6c, 0x89, 0xb8, 0x2f, 0x6f, 0x4a, 0x8d, 0xc6,
    0x2d, 0x45, 0xd6, 0x14, 0x05, 0x59, 0x9f, 0xcf, 0xeb, 0xfc, 0xfa, 0x4f, 0x42, 0xdb, 0xe2, 0x62,
    0x50, 0xbc, 0x7d, 0x19, 0x82, 0x3c, 0xe7, 0x74, 0x79, 0x16, 0xe7, 0x1c, 0xbf, 0x40, 0x1f, 0xfe,
    0x75, 0xfc, 0x1e, 0xfc, 0xf7, 0xc9, 0xf8, 0x8f, 0xe3, 0xff, 0xad, 0xd3, 0xcf, 0xbb, 0x14, 0x4c,
    0x81, 0xc7, 0x5b, 0xa5, 0xd1, 0xf3, 0xc2, 0xf9, 0x74, 0x0d, 0x6e, 0xd3, 0x1f, 0x30, 0x52, 0x8a,
    0x69, 0x70, 0xbc, 0xee, 0x79, 0xdd, 0x1a, 0xd8, 0xd6, 0xc0, 0x2c, 0x66, 0x54, 0x09, 0x61, 0x41,
    0x28, 0xcd, 0xb0, 0xca, 0x4c, 0xc8, 0x0d, 0x87, 0x56, 0x0b, 0x5f, 0x4e, 0xe8, 0x0f, 0xe0, 0xf5,
    0x84, 0xfa, 0x0c, 0xeb, 0xa7, 0xc1, 0xc0, 0xe9, 0x4b, 0x87, 0x21, 0xde, 0x4e, 0x00, 0x20, 0x92,
    0x45, 0x27, 0xd6, 0xe7, 0x2f, 0x27, 0x55, 0xaf, 0x4e, 0xaa, 0x5e, 0x9d, 0x56, 0x1d, 0xa4, 0x08,
    0xcf, 0x42, 0xab, 0x51, 0x2a, 0x0c, 0xb9, 0x44, 0x7e, 0x8a, 0xcd, 0x24, 0xcb, 0x50, 0x16, 0xf4,
    0x5f, 0xfc, 0xed, 0x60, 0x9a, 0xf1, 0x25, 0xcb, 0xa0, 0x38, 0x20, 0x12, 0x85, 0xbd, 0xc9, 0x82,
    0x8c, 0x67, 0x7a, 0x78, 0x23, 0x49, 0xe7, 0xa7, 0x54, 0xf8, 0x68, 0xe8, 0x9a, 0x1d, 0x4e, 0x62,
    0xa1, 0x8b, 0x54, 0xf8, 0xc6, 0xb4, 0x8d, 0xa1, 0x67, 0x76, 0x98, 0x81, 0xb7, 0xcf, 0xfc, 0x78,
    0xba, 0xb6, 0xe3, 0xb8, 0x39, 0xd3, 0x5e, 0x5c, 0x2e, 0xe7, 0x0b, 0xa6, 0xd7, 0x32, 0xed, 0xe7,
    0x96, 0xcb, 0xdc, 0x04, 0x4c, 0xa5, 0x37, 0x60, 0xe3, 0x68, 0x99, 0xfd, 0x05, 0x40, 0xdc, 0x85,
    0x9c, 0xe9, 0x9d, 0xab, 0x94, 0xcf, 0xeb, 0xb8, 0x7b, 0xea, 0xf9, 0x05, 0xd3, 0x63, 0x96, 0xd2,
    0x73, 0xb5, 0x32, 0xec, 0x90, 0x5e, 0x64, 0xf3, 0x63, 0xae, 0xdb, 0xbf, 0xc3, 0xfb, 0x3a, 0x9a,
    0xbe, 0x20, 0x41, 0x5b, 0xd0, 0x0b, 0xc1, 0xe5, 0x2d, 0x3a, 0xab, 0xe4, 0x49, 0x63, 0xef, 0xf0,
    0x14, 0x17, 0x91, 0x18, 0xda, 0x94, 0x54, 0x10, 0x4f, 0x36, 0x61, 0x7e, 0xbd, 0x14, 0xab, 0x17,
    0x33, 0xf3, 0x60, 0xaf, 0x6d, 0x27, 0xf4, 0x4f, 0x2a, 0x17, 0x24, 0x27, 0x26, 0x79, 0x8a, 0x5c,
    0xb3, 0x6f, 0x58, 0x03, 0xd8, 0x0e, 0x8b, 0xd2, 0x43, 0xe0, 0xfb, 0xa6, 0xeb, 0xc3, 0x73, 0xff,
    0x7a, 0x1e, 0x67, 0x83, 0x71, 0xd9, 0x9e, 0xd5, 0x9a, 0x06, 0x64, 0x61, 0x02, 0x10, 0x9c, 0x20,
    0x00, 0xd1, 0x9a, 0x7d, 0x82, 0x44, 0x9a, 0xb9, 0x07, 0xf4, 0xed, 0x6d, 0xed, 0xd7, 0xfa, 0x42,
    0x62, 0xe3, 0x7a, 0x30, 0x3b, 0xfb, 0xc2, 0xf0, 0x0d, 0x73, 0xd0, 0xea, 0x59, 0xf3, 0x68, 0xd1,
    0x76, 0x00, 0x3e, 0x4b, 0x5e, 0x17, 0xd8, 0xd2, 0x4e, 0x07, 0x94, 0xc1, 0xfc, 0xe6, 0xe6, 0xfb,
    0xfa, 0x42, 0xcf, 0x92, 0x81, 0xa7, 0xaf, 0x6d, 0x30, 0x2e, 0x36, 0x7e, 0x90, 0x06, 0x7c, 0x81,
    0xfc, 0x68, 0x95, 0x59, 0x2f, 0x0b, 0xb1, 0x52, 0x42, 0xe8, 0xe4, 0xa2, 0x84, 0xe4, 0x5e, 0x2b,
    0xf9, 0x25, 0xe2, 0x7d, 0x7c, 0x70, 0x42, 0x52, 0x87, 0x6d, 0xfe, 0x11, 0xbb, 0xe0, 0x23, 0x87,
    0x81, 0xd6, 0x17, 0x38, 0x61, 0x28, 0x74, 0xe1, 0x4d, 0x43, 0xd4, 0xf8, 0x6b, 0x6e, 0xde, 0x5b,
    0xfc, 0x81, 0x76, 0xf9, 0xa5, 0xe7, 0x35, 0x26, 0xb5, 0x68, 0x3f, 0x58, 0xc4, 0x71, 0x85, 0x29,
    0xa6, 0x5a, 0x93, 0xad, 0x47, 0x5c, 0xd4, 0x61, 0xec, 0x20, 0x94, 0x03, 0xb8, 0x7b, 0x15, 0xd9,
    0x96, 0x36, 0x58, 0x44, 0xa7, 0xab, 0xd0, 0x63, 0x26, 0x1d, 0x48, 0xb6, 0xa9, 0xf3, 0xd5, 0x46,
    0x85, 0x57, 0xc6, 0x37, 0x32, 0x1b, 0xf1, 0xfc, 0x96, 0x54, 0x1f, 0x57, 0x8d, 0x67, 0x9f, 0x2b,
    0xc1, 0x0c, 0x70, 0x0e, 0x16, 0x40, 0xe3, 0x7c, 0xec, 0x6f, 0x07, 0x17, 0x0b, 0x61, 0x5e, 0x35,
    0xa5, 0x98, 0x64, 0xce, 0x12, 0x05, 0x29, 0x49, 0x1d, 0x25, 0x9a, 0x80, 0xa2, 0x12, 0xc1, 0xb1,
    0x0a, 0xc0, 0xae, 0x87, 0x23, 0x9f, 0x95, 0xd5, 0xc3, 0x2e, 0x86, 0xe6, 0x2c, 0x13, 0x84, 0x35,
    0xcf, 0x5f, 0x68, 0x21, 0xc6, 0xbd, 0x3b, 0xfe, 0x6f, 0xe3, 0x8f, 0xc6, 0x7f, 0xd2, 0x90, 0x5e,
    0xa8, 0x53, 0x82, 0x54, 0x84, 0x29, 0x6b, 0x41, 0x3f, 0xbe, 0x25, 0x51, 0xcb, 0x33, 0x51, 0x39,
    0x29, 0x00, 0x85, 0xd2, 0x0d, 0xd7, 0xc4, 0x28, 0x79, 0x46, 0x2c, 0x44, 0x78, 0x5e, 0x2c, 0x68,
    0x58, 0x21, 0x26, 0xa8, 0x34, 0xf7, 0xc3, 0xc5, 0x51, 0x90, 0xcb, 0xf3, 0x79, 0xe5, 0x94, 0xf7,
    0x3a, 0x93, 0x41, 0xd4, 0xab, 0x89, 0xfa, 0x82, 0xb4, 0x10, 0x9c, 0x34, 0x52, 0x01, 0x20, 0x55,
    0xa5, 0x9e, 0xb9, 0x39, 0x9d, 0x91, 0x4d, 0xaa, 0x42, 0x7c, 0x43, 0x2a, 0xc3, 0xfc, 0x86, 0xef,
    0x19, 0x1f, 0xdc, 0x9e, 0x80, 0x7d, 0xdb, 0x86, 0xbd, 0xcd, 0x8e, 0xe7, 0xf1, 0x00, 0x6f, 0xdb,
    0x8b, 0x68, 0x6d, 0xa1, 0xdc, 0x77, 0x5e, 0xff, 0xe6, 0x8d, 0xf7, 0x34, 0x59, 0xf6, 0x03, 0x82,
    0xa1, 0x47, 0x1f, 0xa9, 0x17, 0xe2, 0xc6, 0x87, 0x3a, 0xc2, 0x51, 0xb5, 0x37, 0x19, 0x0e, 0x77,
    0xeb, 0x47, 0x2d, 0xce, 0xa8, 0x77, 0x96, 0x8d, 0x15, 0x3d, 0xdc, 0x05, 0xbd, 0xe1, 0x06, 0x70,
    0xff, 0xf5, 0xf0, 0x87, 0x35, 0x38, 0x7b, 0x56, 0x79, 0xc5, 0x39, 0x86, 0x67, 0xb7, 0xa6, 0x9a,
    0x86, 0x9a, 0x9e, 0x8d, 0xee, 0xad, 0x2d, 0x19, 0x1a, 0x3d, 0x33, 0x76, 0x5b, 0x32, 0xcc, 0xe6,
    0xbe, 0x20, 0xbb, 0xa0, 0x79, 0xfe, 0x9d, 0xb5, 0x1e, 0xbe, 0xe0, 0x8d, 0xb7, 0xbd, 0xd6, 0x34,
    0xbb, 0x79, 0xb3, 0xed, 0xf1, 0xb6, 0x03, 0x50, 0xf4, 0x88, 0x9a, 0x0e, 0x00, 0x52, 0xcb, 0xcf,
    0x90, 0x0e, 0x3b, 0x41, 0x4f, 0x8d, 0xd8, 0xf9, 0x5b, 0xcf, 0x3c, 0x23, 0x69, 0x0e, 0xcd, 0xcc,
    0x56, 0x36, 0xaa, 0x17, 0x4a, 0xd7, 0xcd, 0x6c, 0xa6, 0x7f, 0xde, 0x5d, 0x6e, 0x98, 0x9b, 0x52,
    0x69, 0x63, 0x3b, 0x82, 0x91, 0x0a, 0x3b, 0x90, 0xe0, 0x4c, 0x11, 0x60, 0x95, 0xe6, 0x65, 0xc3,
    0xe0, 0xb4, 0x6a, 0x93, 0x3b, 0x20, 0x43, 0x9a, 0xd2, 0x03, 0xd9, 0x2e, 0xc8, 0xfb, 0x40, 0xf1,
    0xe9, 0x9d, 0xc1, 0xf4, 0x7a, 0xb1, 0x4e, 0x28, 0xf5, 0x65, 0x47, 0xfb, 0xc8, 0xf1, 0xa5, 0xc2,
    0xfb, 0x6f, 0xdc, 0x90, 0x7e, 0xd5, 0x58, 0x59, 0xdf, 0x19, 0xfe, 0x23, 0x86, 0xf7, 0x4b, 0x57,
    0xc4, 0x03, 0x60, 0xe7, 0x75, 0xe9, 0x00, 0x76, 0xc3, 0xe0, 0x4f, 0x81, 0xe8, 0xe4, 0xc7, 0xe2,
    0x1c, 0x8c, 0x9f, 0x15, 0x13, 0xec, 0xbc, 0xf8, 0x12, 0xe0, 0xcd, 0x64, 0x9f, 0x8b, 0xcc, 0xe7,
    0xb4, 0xf0, 0xfe, 0x67, 0x86, 0xdd, 0x92, 0x46, 0x55, 0x55, 0xc7, 0x48, 0x27, 0xd2, 0xbc, 0xe4,
    0xe4, 0x61, 0x72, 0x50, 0x78, 0xc8, 0xa6, 0x9c, 0xdb, 0xf2, 0xf3, 0xb8, 0x46, 0xf4, 0x29, 0xb0,
    0x37, 0xab, 0xcd, 0x86, 0x29, 0x60, 0xe7, 0xc5, 0x97, 0x59, 0x86, 0x99, 0x7c, 0x6c, 0x28, 0x8d,
    0x61, 0xb6, 0xd3, 0xc3, 0xa4, 0xe3, 0xcb, 0x49, 0x38, 0x30, 0x87, 0xa3, 0x49, 0x79, 0xf6, 0xa3,
    0xe0, 0x22, 0xc2, 0x47, 0xa4, 0xf1, 0xbd, 0x93, 0x1e, 0x4f, 0x2b, 0x86, 0x8d, 0x39, 0x9d, 0x52,
    0x2b, 0x68, 0x13, 0x3d, 0x68, 0x9d, 0xe9, 0xa0, 0x8e, 0xb8, 0x62, 0x44, 0x9c, 0x6a, 0xce, 0x70,
    0x3a, 0xd7, 0x8a, 0xc9, 0x45, 0x99, 0xce, 0xf1, 0xe3, 0x2c, 0x22, 0x02, 0x45, 0x66, 0x13, 0x19,
    0x8f, 0x5a, 0x39, 0x90, 0x6b, 0xc3, 0x69, 0x15, 0x52, 0x5a, 0xbf, 0x36, 0xcc, 0xde, 0x68, 0x70,
    0x48, 0xdb, 0x8a, 0x49, 0x7c, 0xd7, 0xac, 0x1f, 0x54, 0xc8, 0xd2, 0x3f, 0x05, 0xc2, 0x64, 0x5e,
    0x3d, 0x03, 0xa4, 0x4e, 0x74, 0x02, 0x3a, 0xd3, 0x2a, 0xa4, 0x4d, 0x40, 0x27, 0xf3, 0x04, 0x44,
    0xf6, 0x07, 0xf5, 0x60, 0x75, 0x7a, 0xd5, 0x94, 0x0e, 0x84, 0x20, 0x32, 0x77, 0xa4, 0x13, 0xed,
    0x06, 0x3b, 0xef, 0x6e, 0xce, 0x72, 0x30, 0xcc, 0x6b, 0xf2, 0xa7, 0x93, 0xab, 0xa7, 0xba, 0xd8,
    0x85, 0x22, 0xc9, 0xbc, 0xbc, 0xe8, 0x54, 0x63, 0x62, 0x82, 0xa3, 0x1c, 0x31, 0x2c, 0xbc, 0xea,
    0x91, 0xee, 0xe4, 0x1b, 0xdc, 0x74, 0x8c, 0xc2, 0xc6, 0x87, 0xcd, 0x0c, 0x00, 0x6c, 0x67, 0x6b,
    0x1a, 0x00, 0x76, 0x8d, 0x11, 0xa7, 0xed, 0x99, 0xd6, 0x60, 0x64, 0xdb, 0x4c, 0x48, 0x44, 0x9d,
    0x4f, 0x7a, 0x45, 0x1b, 0xdb, 0xa8, 0x23, 0x2b, 0xba, 0x23, 0x6f, 0x71, 0x75, 0x79, 0x09, 0xf0,
    0xbb, 0x30, 0xea, 0xc9, 0xcf, 0xe1, 0xc5, 0x73, 0xec, 0xc5, 0x62, 0x6d, 0x99, 0x5e, 0xf7, 0xa3,
    0xaf, 0xe9, 0x39, 0x19, 0x29, 0x08, 0x2c, 0x29, 0x0c, 0xd0, 0x97, 0x51, 0x07, 0x44, 0x54, 0xd0,
    0x92, 0x5a, 0xa3, 0x0e, 0x6a, 0x7a, 0xa0, 0x90, 0x35, 0xe9, 0x57, 0x0f, 0x4d, 0x0d, 0x6f, 0x82,
    0x06, 0x32, 0xea, 0x4b, 0x7a, 0x7b, 0xea, 0x98, 0xf9, 0xbd, 0x4c, 0x75, 0xc4, 0x23, 0x7f, 0x02,
    0x67, 0x0d, 0x03, 0x1c, 0x46, 0xa7, 0x29, 0x78, 0x73, 0xe3, 0x06, 0xe8, 0xd8, 0xe9, 0x6d, 0x86,
    0xe1, 0xf4, 0x22, 0x27, 0x31, 0xe5, 0x5d, 0xd0, 0x78, 0xa1, 0x2a, 0xa8, 0x84, 0x41, 0x19, 0xa0,
    0x8e, 0x2b, 0x74, 0x26, 0x92, 0xab, 0x2c, 0xe7, 0x61, 0x6f, 0xb0, 0xad, 0xb6, 0x99, 0x2b, 0x56,
    0x27, 0xd9, 0x15, 0x45, 0xa0, 0xb7, 0xa4, 0xfe, 0xe1, 0x8b, 0x29, 0xdd, 0x0b, 0x23, 0x86, 0x25,
    0xa0, 0x3d, 0x93, 0xef, 0x61, 0x66, 0x4b, 0x25, 0x52, 0x5d, 0x03, 0xf9, 0x1e, 0x1e, 0xfd, 0x82,
    0xf4, 0xde, 0x89, 0xd8, 0x9f, 0x02, 0x38, 0x54, 0x5a, 0x42, 0xc8, 0xa1, 0xd2, 0x32, 0x1d, 0x74,
    0x18, 0x61, 0x28, 0x32, 0xa3, 0x78, 0xe4, 0x44, 0xd0, 0x58, 0x09, 0xbc, 0x11, 0x8e, 0xf6, 0x9e,
    0xed, 0xf0, 0x11, 0x54, 0x9a, 0x30, 0x95, 0x7e, 0x02, 0x50, 0x98, 0x48, 0x7a, 0xbc, 0x5e, 0x3e,
    0x2f, 0xbe, 0x4a, 0x2c, 0xac, 0xa1, 0xff, 0x74, 0xf1, 0x02, 0x17, 0x30, 0x82, 0x4b, 0x77, 0x8c,
    0x58, 0xce, 0x9e, 0x7d, 0x46, 0xbd, 0xc3, 0x96, 0xcf, 0x78, 0x47, 0xb0, 0x25, 0x81, 0x62, 0x90,
    0xe5, 0xeb, 0x57, 0x11, 0xb0, 0xe4, 0x86, 0x9a, 0xcf, 0x7e, 0x49, 0xad, 0xa5, 0x42, 0x8b, 0xc1,
    0xaf, 0x24, 0xc0, 0xaf, 0xe4, 0xb3, 0xdf, 0x65, 0x53, 0xe1, 0xb3, 0x6b, 0x9d, 0x5d, 0x94, 0x8d,
    0xd9, 0x99, 0xd2, 0x70, 0xa7, 0x25, 0x9d, 0xee, 0xa0, 0x20, 0x26, 0x1d, 0xc0, 0x74, 0x7a, 0x8a,
    0x42, 0xcd, 0x0f, 0x94, 0x2e, 0xb4, 0x86, 0x3b, 0xd8, 0xa9, 0x1e, 0xbc, 0x67, 0xdf, 0xe1, 0xab,
    0xd1, 0x85, 0x6f, 0xe7, 0x75, 0x00, 0x0d, 0x72, 0x59, 0x23, 0xd7, 0xb5, 0xcf, 0xe3, 0xc5, 0x6b,
    0xdb, 0x24, 0x5b, 0x57, 0x93, 0x4e, 0xf8, 0xf4, 0x61, 0xd7, 0xd6, 0x0b, 0x5d, 0x1b, 0xfe, 0x9d,
    0xcf, 0x49, 0x85, 0x79, 0xc1, 0xbc, 0x5c, 0xd2, 0xab, 0xe8, 0xd0, 0xb5, 0x1b, 0x37, 0xa0, 0xb4,
    0xae, 0xf5, 0x1c, 0x5f, 0x5f, 0x30, 0xba, 0xc1, 0xcb, 0x76, 0x17, 0x0f, 0x9c, 0x2e, 0x88, 0x37,
    0x39, 0xf8, 0x1e, 0x02, 0xd3, 0xf3, 0x41, 0xb9, 0x0e, 0x94, 0xeb, 0x48, 0xe5, 0x3a, 0x29, 0xe5,
    0xda, 0x7d, 0x01, 0xaf, 0xed, 0xd8, 0x9d, 0x49, 0x00, 0xfb, 0x02, 0x20, 0x2f, 0x18, 0x83, 0x88,
    0x33, 0xe4, 0xfa, 0x2d, 0x00, 0x00, 0x53, 0xd9, 0xbb, 0x20, 0x2a, 0xba, 0xbe, 0x5e, 0x70, 0xfd,
    0xb0, 0x9e, 0xeb, 0x27, 0xc2, 0x77, 0x87, 0x93, 0x8b, 0xa5, 0x1f, 0x2f, 0x39, 0xbb, 0x1b, 0x9b,
    0x2e, 0x6a, 0xe0, 0xc9, 0x87, 0xa2, 0xf0, 0xde, 0x00, 0x78, 0xb4, 0x2a, 0xb0, 0x08, 0x53, 0xa0,
    0xf9, 0x98, 0xe8, 0xc4, 0x4c, 0x05, 0x46, 0x88, 0xc3, 0x42, 0x61, 0x70, 0x90, 0x74, 0x39, 0x7a,
    0x6a, 0x07, 0x7b, 0xbb, 0xd3, 0xfa, 0x47, 0x48, 0x91, 0x0d, 0xd8, 0x70, 0x44, 0x87, 0x24, 0xf3,
    0x00, 0xe7, 0x4f, 0x06, 0x86, 0x2f, 0x8b, 0xfe, 0xae, 0x1f, 0x03, 0xc8, 0x8f, 0x57, 0x07, 0xc6,
    0x09, 0x8e, 0x57, 0xe9, 0xe8, 0xa6, 0xb7, 0xc3, 0x2a, 0x4b, 0x96, 0x12, 0x06, 0xf3, 0xa2, 0x8d,
    0x41, 0x23, 0xd8, 0x20, 0xa8, 0x05, 0x68, 0x76, 0xcb, 0x41, 0x4a, 0xf1, 0x40, 0x65, 0xd6, 0x83,
    0xea, 0x72, 0x39, 0x06, 0x2d, 0xa9, 0xe0, 0xf6, 0x65, 0xc7, 0xf5, 0x2f, 0xf6, 0xa6, 0x43, 0xa4,
    0x82, 0xcf, 0xf7, 0x76, 0x32, 0xc0, 0x34, 0x06, 0xd7, 0x7f, 0xe4, 0xb4, 0x08, 0x12, 0x22, 0x3a,
    0x16, 0x63, 0x20, 0x7e, 0x66, 0xb4, 0xd6, 0xca, 0x85, 0xed, 0x17, 0xdb, 0x2d, 0x2a, 0x92, 0xe4,
    0x49, 0x51, 0xd8, 0xbe, 0xba, 0x0b, 0x7b, 0xc3, 0x37, 0x7f, 0x78, 0x8b, 0xf1, 0xe9, 0xde, 0x05,
    0x10, 0x63, 0xa0, 0x5e, 0x65, 0x15, 0x74, 0x72, 0xf6, 0xea, 0xdf, 0x1e, 0x4a, 0xa6, 0xd7, 0xb6,
    0x28, 0x10, 0xbe, 0xbe, 0x2b, 0xbd, 0x66, 0xad, 0xc7, 0x41, 0x3c, 0x52, 0x40, 0x04, 0x45, 0xc2,
    0x02, 0x5f, 0x4c, 0x52, 0xe0, 0x10, 0xc7, 0xb6, 0xed, 0xed, 0x39, 0xa1, 0x18, 0x40, 0xda, 0x18,
    0xc2, 0xe4, 0xe2, 0x69, 0x7a, 0x0a, 0x44, 0xbe, 0x4a, 0x59, 0x80, 0xe0, 0x49, 0xf9, 0x24, 0x28,
    0xb0, 0x84, 0x53, 0xa8, 0x27, 0xbd, 0x1b, 0x84, 0x7c, 0x53, 0x6a, 0x4f, 0x68, 0x9f, 0x21, 0xe5,
    0x44, 0x62, 0x03, 0xca, 0x88, 0x1a, 0x93, 0xed, 0xf3, 0xdc, 0xee, 0x2f, 0xd9, 0x93, 0x17, 0xf4,
    0xe7, 0x60, 0x56, 0x8b, 0x45, 0x7d, 0x22, 0x9f, 0x8a, 0x4a, 0x81, 0xfa, 0x2f, 0x00, 0x39, 0xc2,
    0x73, 0x04, 0x71, 0x10, 0x3e, 0xed, 0xe4, 0x15, 0x14, 0xe1, 0x24, 0x48, 0x0f, 0x43, 0x48, 0xf2,
    0x91, 0xf8, 0x74, 0x68, 0x9d, 0x9e, 0x3f, 0xe5, 0x54, 0x7c, 0x3a, 0x8c, 0x76, 0xcf, 0x1b, 0xc6,
    0xfa, 0x74, 0x7c, 0xfb, 0x17, 0xc7, 0xb7, 0x7e, 0x71, 0xfc, 0x7a, 0x29, 0x7a, 0x00, 0x22, 0x5b,
    0x3c, 0x09, 0xf6, 0xc5, 0x29, 0x1d, 0xdc, 0x99, 0x05, 0xba, 0x62, 0xce, 0xcc, 0x00, 0x9e, 0x51,
    0x8e, 0x12, 0xd0, 0x02, 0x23, 0x63, 0x4c, 0x44, 0xed, 0x9e, 0x31, 0x20, 0x31, 0x20, 0x82, 0x58,
    0x14, 0xc8, 0xbf, 0xeb, 0xb8, 0xb0, 0xf5, 0xea, 0xae, 0x83, 0xa7, 0x07, 0x39, 0x7d, 0x01, 0x08,
    0x19, 0xe4, 0xc8, 0x5a, 0xa5, 0x5c, 0x58, 0xad, 0xe7, 0xf5, 0x7c, 0x46, 0xc0, 0x91, 0x3b, 0x19,
    0xe8, 0x6e, 0x11, 0x6b, 0xce, 0xf3, 0x5d, 0xe7, 0x9a, 0xa9, 0x23, 0x07, 0x3b, 0x21, 0xd8, 0xb6,
    0xe5, 0xb6, 0x13, 0xc6, 0xd1, 0xb5, 0x6c, 0x9b, 0x83, 0x4d, 0xf1, 0x89, 0x4a, 0xf0, 0x23, 0x62,
    0xc1, 0x5b, 0xf4, 0x89, 0xde, 0x42, 0xe8, 0x4a, 0x45, 0xa6, 0xcc, 0xab, 0x80, 0x57, 0x5e, 0xeb,
    0xd5, 0xd7, 0x98, 0x61, 0x13, 0x3a, 0x14, 0x7c, 0x47, 0xf3, 0xd6, 0xf3, 0x91, 0xe0, 0x31, 0xf4,
    0xf0, 0x27, 0x8e, 0xd1, 0x31, 0x3b, 0xfc, 0x69, 0xe8, 0x8f, 0x85, 0xaf, 0x5e, 0x1a, 0x58, 0x3e,
    0xf7, 0x95, 0xdc, 0x9a, 0xe0, 0x8a, 0x47, 0x96, 0xb3, 0x2d, 0x17, 0xcd, 0x8b, 0xcd, 0xad, 0x92,
    0x35, 0x18, 0x98, 0xee, 0x8b, 0x57, 0x5f, 0xfe, 0x09, 0x6a, 0x89, 0xb0, 0x68, 0x39, 0x32, 0x3b,
    0x03, 0xcf, 0xb5, 0xce, 0x55, 0x97, 0x9a, 0xd6, 0xc2, 0x02, 0xf7, 0xdf, 0x0d, 0x01, 0xb6, 0x5d,
    0x13, 0x96, 0x94, 0xc3, 0x04, 0x25, 0xc5, 0xda, 0xc6, 0xe5, 0x94, 0x63, 0xb2, 0x78, 0x3d, 0x40,
    0xb5, 0x12, 0xcb, 0x0d, 0xaa, 0x2f, 0x58, 0xf8, 0x3d, 0x6c, 0x45, 0x0a, 0xe0, 0x73, 0xa6, 0xe7,
    0x9f, 0x59, 0xd7, 0x17, 0xb8, 0xb6, 0x66, 0xe5, 0x4b, 0x43, 0x03, 0xef, 0xcc, 0xba, 0x7e, 0xae,
    0x5a, 0xc0, 0x2b, 0x49, 0x0b, 0x7a, 0x2c, 0xe6, 0xcf, 0x19, 0xdf, 0x3f, 0x83, 0xe1, 0x81, 0xce,
    0x78, 0xb0, 0xbb, 0x5b, 0x0b, 0xfa, 0x19, 0x8a, 0x0f, 0x84, 0x85, 0xb0, 0x49, 0x11, 0x87, 0x29,
    0x5c, 0x23, 0xab, 0xb3, 0x1b, 0xb8, 0x84, 0x49, 0x0b, 0x87, 0x73, 0xfd, 0x2a, 0xbc, 0x7b, 0xad,
    0xf5, 0x4c, 0xf0, 0xb5, 0x49, 0x33, 0xf3, 0x8f, 0xe6, 0xa0, 0x83, 0x8e, 0x9f, 0xcd, 0x7d, 0x58,
    0x26, 0xe8, 0x13, 0x4c, 0x91, 0x31, 0x1c, 0xc2, 0xc3, 0x8b, 0x3d, 0xcb, 0x06, 0xc2, 0xca, 0x2b,
    0xf7, 0x9f, 0xe4, 0x1a, 0x7b, 0xe9, 0xb3, 0x37, 0xf1, 0x7e, 0x1a, 0x4e, 0x11, 0x17, 0x4d, 0x50,
    0x38, 0xc0, 0xc9, 0x43, 0x53, 0x34, 0x75, 0xeb, 0xb5, 0x3c, 0x3c, 0x5b, 0x68, 0xc1, 0x46, 0x6e,
    0xda, 0xba, 0x1a, 0xf9, 0x06, 0x5e, 0x4c, 0x50, 0xef, 0x70, 0x76, 0x54, 0x72, 0x66, 0xc8, 0x06,
    0x20, 0x99, 0x6a, 0x75, 0x5e, 0xe2, 0x16, 0xc1, 0xab, 0x3c, 0x63, 0xdf, 0xd1, 0x11, 0x5e, 0x31,
    0x05, 0x5e, 0xf9, 0x19, 0xa2, 0xb5, 0x30, 0x04, 0xf3, 0xa5, 0x70, 0x2d, 0x89, 0xf3, 0x22, 0x8d,
    0x31, 0x68, 0xbf, 0xe5, 0x37, 0xf7, 0x25, 0xd4, 0x27, 0xa3, 0x7b, 0x64, 0x55, 0xa2, 0x3d, 0x43,
    0x1a, 0xbe, 0xc0, 0xdc, 0x03, 0x93, 0x9a, 0xe1, 0x4d, 0x64, 0x00, 0x75, 0xd1, 0x36, 0x0d, 0x77,
    0x1a, 0x18, 0x46, 0x76, 0x93, 0xbb, 0x44, 0x29, 0x5e, 0x24, 0xa7, 0x77, 0x21, 0x46, 0x56, 0x0a,
    0xb8, 0x8d, 0x78, 0x0d, 0x36, 0x5a, 0xd5, 0x9d, 0x9c, 0x6a, 0x8e, 0x80, 0x07, 0x7d, 0x9f, 0xfc,
    0xc9, 0xd9, 0x42, 0x4f, 0xf0, 0xe8, 0x95, 0x93, 0xdc, 0x9c, 0xce, 0x8b, 0x3c, 0xca, 0x0e, 0x67,
    0x75, 0x2b, 0x9f, 0xd5, 0xf9, 0x37, 0x1c, 0xd9, 0x89, 0x9c, 0xc8, 0xb1, 0xfa, 0xe5, 0x04, 0xa7,
    0x55, 0xb1, 0xca, 0x27, 0x5c, 0x0f, 0x8a, 0x61, 0x13, 0x4c, 0x05, 0x70, 0x31, 0xb6, 0x7f, 0x74,
    0x4a, 0x84, 0x58, 0xdc, 0xd2, 0x95, 0x8f, 0xa2, 0x27, 0x79, 0x3b, 0x41, 0xa1, 0x9e, 0x33, 0x72,
    0x9b, 0xa7, 0xe2, 0x51, 0xe8, 0xf3, 0xd4, 0x6a, 0x59, 0x79, 0xc1, 0x87, 0x7e, 0x62, 0x79, 0x7e,
    0xc9, 0xe8, 0x40, 0x81, 0x01, 0x1e, 0xed, 0xb0, 0x0b, 0xba, 0xca, 0x4b, 0xd7, 0xec, 0x3b, 0x40,
    0x0e, 0xfc, 0xfd, 0x3e, 0xf7, 0x39, 0x99, 0x32, 0xef, 0x81, 0xc3, 0x0b, 0x00, 0x50, 0xb1, 0x8a,
    0x93, 0xd2, 0xf9, 0x5c, 0x6f, 0x1d, 0x4f, 0xd3, 0x58, 0x10, 0xe3, 0x06, 0x88, 0x3e, 0xbd, 0x05,
    0xbd, 0x51, 0x2e, 0x17, 0x22, 0x89, 0xe0, 0x1b, 0x51, 0xa1, 0x88, 0xe6, 0xe9, 0xd5, 0xde, 0x6b,
    0x42, 0x20, 0x6a, 0xe8, 0x18, 0x75, 0xb4, 0x54, 0x42, 0x4b, 0x86, 0x64, 0x3a, 0x9e, 0xe0, 0x00,
    0x9d, 0x38, 0x7d, 0x6c, 0x1d, 0x4a, 0xc3, 0x91, 0xd7, 0xcb, 0xd5, 0x00, 0xdd, 0x90, 0x5b, 0xb0,
    0x5f, 0x62, 0xc3, 0x97, 0xf6, 0xe7, 0xa6, 0x84, 0x1d, 0x88, 0xc7, 0x2f, 0x61, 0x24, 0x46, 0xe0,
    0x94, 0xb9, 0xe0, 0x79, 0xa1, 0x4e, 0x48, 0xcb, 0x7d, 0x84, 0xae, 0xe0, 0x63, 0x45, 0x50, 0x10,
    0x0f, 0x25, 0x79, 0x41, 0x3c, 0x92, 0x69, 0x24, 0x74, 0x9f, 0xe6, 0x2f, 0xb3, 0xc9, 0x07, 0xe1,
    0xe9, 0xda, 0x53, 0x92, 0x11, 0x86, 0x4f, 0x4e, 0x48, 0x18, 0x9e, 0x4e, 0x4a, 0x90, 0x26, 0x9a,
    0x0b, 0x0b, 0xd1, 0x27, 0x4d, 0xf1, 0x60, 0x26, 0xb1, 0x21, 0x5a, 0xe9, 0x84, 0x92, 0xc3, 0x30,
    0x45, 0x74, 0x50, 0x3a, 0x79, 0x52, 0x09, 0x62, 0x98, 0x20, 0x42, 0x28, 0xd8, 0x18, 0x4a, 0x12,
    0xd1, 0xc7, 0x92, 0x6d, 0x97, 0xe9, 0x4c, 0x31, 0xa9, 0x22, 0xec, 0x61, 0x44, 0xb0, 0xc8, 0x70,
    0xdf, 0x30, 0xbb, 0x78, 0x11, 0x99, 0x87, 0x68, 0x37, 0x51, 0xd8, 0x50, 0xe9, 0x86, 0x84, 0x84,
    0xf8, 0x8a, 0x26, 0x74, 0x7b, 0x8a, 0xd4, 0xa1, 0xb6, 0x9c, 0x19, 0xee, 0x44, 0x11, 0x24, 0x02,
    0x93, 0xd1, 0x78, 0x96, 0xce, 0x4e, 0x93, 0x47, 0x94, 0x79, 0x51, 0xc5, 0x92, 0x60, 0xbe, 0xbf,
    0x6f, 0xa2, 0x49, 0x88, 0x28, 0x4f, 0x43, 0x3c, 0x49, 0xe2, 0xbe, 0x4f, 0x58, 0x42, 0x89, 0x0c,
    0xf0, 0x24, 0x52, 0x8a, 0xe8, 0x75, 0x82, 0xa0, 0xa2, 0xac, 0xfb, 0x29, 0x84, 0x15, 0x65, 0x62,
    0x42, 0x7e, 0x9a, 0x2c, 0xb6, 0xc4, 0x71, 0x79, 0x9a, 0xb8, 0x10, 0x4e, 0x42, 0x20, 0x32, 0x28,
    0xc2, 0xce, 0x09, 0xe4, 0x07, 0xee, 0xd7, 0xda, 0xa0, 0x23, 0x30, 0x21, 0x2e, 0x44, 0x19, 0xda,
    0xdc, 0x04, 0x07, 0x65, 0x42, 0x98, 0xc4, 0x50, 0xad, 0x86, 0x33, 0x11, 0x13, 0x23, 0xd4, 0x9d,
    0xbc, 0xa9, 0xae, 0xa0, 0x22, 0x4c, 0xc8, 0xaf, 0xb8, 0x3c, 0x31, 0x4c, 0x28, 0x85, 0x6f, 0xab,
    0x81, 0xb4, 0x61, 0x3b, 0x5b, 0x17, 0x0d, 0xff, 0x65, 0xc3, 0xbb, 0xd6, 0x2a, 0xef, 0x56, 0x2e,
    0x89, 0x67, 0x3f, 0x31, 0x3c, 0xff, 0xaa, 0x47, 0x7b, 0xbf, 0x1a, 0xf8, 0xe3, 0xaa, 0xb1, 0x99,
    0x33, 0xdc, 0x2d, 0x46, 0x8d, 0xe4, 0x81, 0x8c, 0xc7, 0x85, 0x4e, 0x57, 0x83, 0x87, 0x18, 0x9c,
    0x85, 0x48, 0x5d, 0x3f, 0x0f, 0xbf, 0x1a, 0xf0, 0x1f, 0x2e, 0x9f, 0x64, 0x5d, 0x41, 0xf2, 0x2f,
    0xfa, 0xc6, 0x26, 0x5f, 0x34, 0xf8, 0xe6, 0xa5, 0xc4, 0xe2, 0x40, 0x46, 0xab, 0x97, 0xe4, 0x0c,
    0x8b, 0x51, 0xa6, 0x8f, 0x95, 0x4b, 0x2c, 0x27, 0x29, 0x4d, 0x2c, 0xfe, 0xc6, 0x8d, 0x28, 0xd1,
    0x19, 0x9b, 0x6d, 0x37, 0xe9, 0xa6, 0x30, 0x68, 0x47, 0x5f, 0xc0, 0xd1, 0x30, 0xcf, 0xb7, 0xbc,
    0x3f, 0xc1, 0x6d, 0x6d, 0xd3, 0x1f, 0x4c, 0xef, 0xf5, 0x26, 0x16, 0x64, 0x69, 0x51, 0xa3, 0x1d,
    0xc7, 0xfa, 0x72, 0xc7, 0xf7, 0xf0, 0x01, 0xf6, 0x3c, 0xdc, 0xa5, 0xc5, 0x93, 0xb4, 0xd9, 0x6b,
    0xb5, 0xb0, 0xaf, 0xe7, 0x75, 0x76, 0xe0, 0x87, 0x66, 0x6d, 0xf2, 0x7d, 0xa0, 0xe5, 0x68, 0xa1,
    0x87, 0x82, 0x9e, 0xc7, 0x65, 0xfe, 0x89, 0xb3, 0xa5, 0x6c, 0x0f, 0xf0, 0xe2, 0x92, 0x65, 0x03,
    0x1e, 0xe4, 0x00, 0x63, 0x0b, 0xd0, 0x08, 0x51, 0x2c, 0x7c, 0xc7, 0x68, 0x74, 0x49, 0x88, 0x30,
    0x6d, 0xa8, 0xcf, 0xa2, 0x33, 0x44, 0x97, 0x40, 0x66, 0x18, 0x6d, 0xb1, 0x42, 0xe3, 0x8d, 0x0f,
    0x17, 0xc3, 0xf6, 0x82, 0x34, 0x48, 0x2f, 0x94, 0xf2, 0xd1, 0x42, 0xdc, 0xc9, 0x3a, 0xec, 0xea,
    0xff, 0xdb, 0xca, 0x55, 0xce, 0x9d, 0x83, 0x11, 0xe4, 0xb1, 0xb6, 0x54, 0x3a, 0x17, 0x96, 0x39,
    0x2b, 0x8a, 0xe4, 0x29, 0x3e, 0xf0, 0x02, 0x7c, 0xc5, 0x09, 0xa3, 0xf3, 0x11, 0xdb, 0x4e, 0x8d,
    0x05, 0x13, 0x1f, 0x5b, 0x03, 0x6f, 0x19, 0x14, 0xdb, 0x28, 0xdc, 0x31, 0xd7, 0x41, 0x69, 0xca,
    0x68, 0xce, 0xf2, 0x00, 0x2f, 0xda, 0x63, 0xd2, 0x8f, 0x22, 0xcf, 0xd1, 0x8f, 0x3c, 0x61, 0x79,
    0x82, 0x67, 0x0a, 0x5f, 0xa6, 0xd5, 0x3c, 0xf9, 0x86, 0x69, 0x4f, 0x62, 0xa6, 0x38, 0x44, 0xca,
    0x97, 0x2e, 0x98, 0x28, 0x9f, 0x17, 0xaf, 0xe7, 0xec, 0x98, 0x1d, 0x0c, 0x58, 0xa9, 0xac, 0x25,
    0x30, 0xd3, 0x6d, 0xa8, 0xab, 0x62, 0x2f, 0xbf, 0x08, 0xca, 0x5f, 0xc1, 0xc2, 0xd2, 0x3d, 0xa2,
    0x12, 0x86, 0x0b, 0xce, 0xef, 0xf5, 0x16, 0x54, 0xb9, 0x1e, 0x1a, 0x2c, 0xe2, 0x9b, 0x33, 0xeb,
    0xdf, 0x7c, 0x70, 0x13, 0xfe, 0xe1, 0x25, 0x13, 0x2a, 0xba, 0xa0, 0x6b, 0xec, 0x89, 0x10, 0xd9,
    0x59, 0x17, 0x16, 0x16, 0x9a, 0x48, 0xff, 0xd6, 0x00, 0x84, 0x29, 0x72, 0x8d, 0x8e, 0xae, 0x2b,
    0xec, 0xd3, 0xf9, 0x7c, 0x3e, 0x28, 0x13, 0xd4, 0x4a, 0x6a, 0x18, 0xfa, 0xe7, 0x5e, 0x47, 0x22,
    0x28, 0x02, 0x0a, 0x60, 0xc3, 0x6d, 0xd4, 0x12, 0x74, 0x50, 0x26, 0xa4, 0x40, 0xe0, 0x67, 0x6c,
    0x52, 0x3d, 0xcc, 0x92, 0x8f, 0x4a, 0x06, 0x05, 0xfd, 0x8e, 0x95, 0xe8, 0xb3, 0x12, 0x7d, 0xa5,
    0x04, 0xef, 0x37, 0xf5, 0x92, 0x75, 0x23, 0xdf, 0xe3, 0x7d, 0x60, 0x71, 0xdf, 0xcf, 0xc4, 0xd2,
    0x57, 0xe3, 0xe3, 0x86, 0xe5, 0x1b, 0xb0, 0x19, 0x2a, 0xc9, 0xc0, 0xcf, 0xac, 0xf3, 0xeb, 0x02,
    0x6a, 0x3e, 0x1a, 0xd1, 0x04, 0x2c, 0xa9, 0xa4, 0x37, 0xf5, 0xe8, 0xb7, 0xd7, 0x76, 0x01, 0x7b,
    0xae, 0x3a, 0xc3, 0x56, 0xf8, 0xeb, 0x45, 0x13, 0x93, 0x75, 0xcf, 0x2c, 0x66, 0x84, 0x48, 0x11,
    0xd3, 0xce, 0xd4, 0x81, 0xf0, 0x84, 0xbc, 0x91, 0x9e, 0x3f, 0x96, 0xe4, 0x10, 0x25, 0xa9, 0x31,
    0x85, 0xb4, 0x93, 0xf3, 0xed, 0x1c, 0x04, 0x73, 0x96, 0xa7, 0x60, 0x38, 0xca, 0x16, 0x05, 0x84,
    0xc0, 0xf7, 0x30, 0x85, 0x3e, 0x92, 0x42, 0x00, 0x52, 0x7c, 0x3e, 0xfd, 0x09, 0xd9, 0xbb, 0x10,
    0x36, 0x3b, 0x0c, 0x03, 0xc9, 0x50, 0x51, 0x8a, 0xa5, 0x9f, 0x88, 0x6c, 0x84, 0x08, 0xc3, 0x4a,
    0x8b, 0xae, 0xaa, 0x54, 0x14, 0xf1, 0xe1, 0x39, 0x81, 0x26, 0x29, 0x75, 0xca, 0xbc, 0x52, 0x79,
    0x96, 0x5a, 0xd5, 0x3a, 0xab, 0x55, 0xad, 0xcf, 0x52, 0xab, 0xce, 0xdb, 0xaa, 0xcf, 0xd4, 0xd6,
    0x0a, 0x6f, 0x6b, 0x65, 0xa6, 0xb6, 0xd6, 0x78, 0x5b, 0x6b, 0x33, 0xb5, 0xb5, 0xb6, 0xc6, 0x6b,
    0xad, 0x65, 0xaf, 0x25, 0x10, 0x33, 0x92, 0x05, 0x28, 0x24, 0xb8, 0x33, 0xeb, 0x03, 0x82, 0xea,
    0x19, 0xfd, 0xa1, 0x6d, 0x7a, 0xc0, 0x6d, 0x14, 0x8a, 0xf6, 0xad, 0xe1, 0x99, 0xf5, 0xe8, 0x13,
    0xf2, 0x9d, 0x38, 0x33, 0x21, 0x8d, 0xc8, 0x19, 0x9e, 0x46, 0xe4, 0x4c, 0x42, 0xf3, 0x98, 0x60,
    0xe2, 0x0c, 0xcb, 0x9a, 0xfc, 0x40, 0x24, 0x38, 0xa4, 0x74, 0x80, 0x8f, 0x35, 0xca, 0x22, 0xf2,
    0x90, 0x5f, 0x3d, 0xe2, 0xf7, 0xd0, 0x30, 0x5c, 0xc4, 0x3d, 0xcc, 0x79, 0x7c, 0x7c, 0x87, 0xa7,
    0x17, 0x39, 0xbe, 0xc5, 0x9e, 0x06, 0x29, 0x89, 0x45, 0x72, 0xda, 0x9b, 0xec, 0x47, 0x3c, 0xd1,
    0xe0, 0x01, 0xe5, 0x4e, 0x7e, 0x2c, 0x72, 0x26, 0x47, 0x5b, 0x39, 0x64, 0x69, 0x8e, 0x3f, 0x27,
    0x43, 0x19, 0x4f, 0xad, 0xc6, 0xf2, 0x93, 0xc8, 0xf9, 0x0e, 0x7e, 0x5d, 0x29, 0x55, 0xa8, 0x6d,
    0x9e, 0x43, 0xe7, 0x31, 0xbf, 0x12, 0x78, 0x4b, 0x44, 0xa6, 0x95, 0xd2, 0xf6, 0x06, 0xb9, 0xde,
    0xa0, 0x61, 0x0a, 0x1e, 0x82, 0xfc, 0xea, 0xf3, 0xa0, 0xb8, 0x48, 0xa6, 0xcb, 0xaf, 0x5a, 0x1d,
    0xf1, 0x54, 0xdb, 0xc7, 0x6f, 0x1e, 0xbf, 0x0b, 0x2d, 0x63, 0x6e, 0xc7, 0xfb, 0x14, 0xe2, 0x52,
    0xdc, 0xc5, 0x92, 0xd3, 0xff, 0x1d, 0xb0, 0x3c, 0x6d, 0x8f, 0xf8, 0x94, 0xbc, 0xc3, 0xba, 0x9a,
    0x9c, 0x0e, 0x85, 0x47, 0xeb, 0x99, 0x46, 0xc3, 0xed, 0xeb, 0x6d, 0xe1, 0x15, 0xb1, 0xa9, 0xde,
    0x2e, 0x34, 0xb6, 0xb7, 0x36, 0x36, 0x81, 0x51, 0xd0, 0x8d, 0x42, 0xc3, 0xdb, 0x54, 0xfd, 0x8e,
    0xc5, 0xdb, 0xe7, 0x84, 0x73, 0xa5, 0xe1, 0x0d, 0x37, 0x7a, 0x6e, 0x1c, 0x84, 0x85, 0xec, 0x2b,
    0xb8, 0x84, 0x38, 0x34, 0x46, 0x9e, 0xc9, 0xdd, 0x35, 0x0d, 0xe6, 0xb5, 0xa7, 0xf8, 0x6c, 0xa6,
    0xd6, 0x09, 0x5d, 0x39, 0xa9, 0x9e, 0x67, 0xb6, 0xe3, 0xfd, 0x49, 0xaa, 0x16, 0x74, 0xaf, 0x1f,
    0x6b, 0x8c, 0x55, 0x0a, 0x4f, 0xed, 0x79, 0xe7, 0xa8, 0x89, 0x7e, 0x4a, 0x13, 0xd1, 0xd2, 0x04,
    0xbf, 0x9d, 0x66, 0xaf, 0x13, 0x59, 0x39, 0x22, 0x54, 0x14, 0x66, 0xe5, 0x00, 0x5a, 0xf8, 0x0b,
    0xa1, 0x00, 0x66, 0xfc, 0xbb, 0x3b, 0x57, 0xea, 0x4b, 0xa1, 0x32, 0x4a, 0xc5, 0xc3, 0x6f, 0xda,
    0x11, 0x4d, 0x89, 0xb6, 0x31, 0x40, 0x8b, 0xa0, 0x0a, 0xcc, 0x06, 0x49, 0x76, 0x63, 0x39, 0x47,
    0xd4, 0xa1, 0x76, 0xd6, 0x35, 0x5c, 0xb7, 0x19, 0x8b, 0x49, 0xc2, 0xa8, 0xe8, 0x0b, 0x29, 0x92,
    0xc3, 0x51, 0x3e, 0x81, 0x50, 0x23, 0x17, 0x4d, 0x0f, 0x29, 0x22, 0x8c, 0x44, 0x1a, 0x07, 0x89,
    0xa4, 0x91, 0x82, 0xdc, 0x11, 0xd9, 0x43, 0xa4, 0x29, 0x41, 0x09, 0xa4, 0x53, 0xa2, 0x4b, 0x93,
    0x5e, 0x20, 0x86, 0x88, 0xfd, 0xb4, 0xad, 0x72, 0xc8, 0x19, 0xd7, 0xe9, 0x53, 0x9e, 0x80, 0x11,
    0x7b, 0x7e, 0x18, 0xa4, 0x39, 0x42, 0x46, 0xa1, 0x4c, 0x5c, 0x81, 0xbb, 0x0d, 0x37, 0x82, 0x04,
    0xa5, 0x93, 0xfa, 0x6a, 0x6c, 0xb2, 0xbb, 0xb5, 0x40, 0x5e, 0xf2, 0xed, 0x5a, 0xf8, 0xf9, 0xa4,
    0x7a, 0x0f, 0x6c, 0x83, 0x72, 0x87, 0x1d, 0x90, 0xf0, 0x71, 0x40, 0xf9, 0xf8, 0x88, 0xcd, 0xdd,
    0x66, 0x79, 0x97, 0x6e, 0xb1, 0x24, 0x96, 0x38, 0x88, 0x82, 0x06, 0x4c, 0xe9, 0xcd, 0x46, 0x30,
    0x9e, 0x39, 0xa3, 0xe7, 0xc7, 0xac, 0x0f, 0x2c, 0x33, 0xe5, 0x03, 0x4a, 0xd7, 0xcb, 0xe6, 0xb6,
    0x52, 0xe6, 0x73, 0x08, 0xdc, 0xfc, 0x75, 0x9e, 0x3a, 0xfb, 0x31, 0x4b, 0x1a, 0x4b, 0x0c, 0x0f,
    0xbe, 0x61, 0xbe, 0x6c, 0xca, 0x49, 0x4a, 0xac, 0x9e, 0x86, 0x80, 0x85, 0x89, 0x67, 0x3f, 0x94,
    0xc7, 0x44, 0x15, 0xef, 0x89, 0x14, 0x8a, 0x80, 0xb7, 0x0f, 0x19, 0x3f, 0x56, 0x06, 0xaa, 0x5c,
    0x78, 0xc6, 0xdc, 0xa9, 0xf4, 0xfb, 0x6b, 0x11, 0xf8, 0xe9, 0xf8, 0x66, 0x41, 0x99, 0xa6, 0xdb,
    0xb4, 0xc3, 0x1c, 0x52, 0x7f, 0x29, 0xed, 0x2e, 0x4f, 0xa4, 0xfa, 0x26, 0x4f, 0x9d, 0x46, 0xcf,
    0x64, 0x88, 0x98, 0xcc, 0x93, 0x85, 0xf2, 0xc0, 0x24, 0x8d, 0x7f, 0xe6, 0x01, 0x93, 0xde, 0x52,
    0x92, 0xf8, 0x22, 0xde, 0xaa, 0xfc, 0xab, 0x3d, 0xf0, 0xd1, 0x09, 0x9d, 0x2f, 0xd5, 0xec, 0x74,
    0xc0, 0x18, 0xb2, 0xc0, 0x2f, 0xe2, 0x7e, 0x2a, 0x8e, 0x71, 0x9f, 0x69, 0xf1, 0x1e, 0xf8, 0x5d,
    0xf4, 0x3d, 0x3c, 0x7a, 0x8a, 0x78, 0x18, 0xd9, 0xeb, 0x25, 0x4a, 0x7a, 0x72, 0x98, 0xf7, 0x88,
    0x09, 0x00, 0x27, 0x43, 0xbf, 0x80, 0x7f, 0x72, 0xa4, 0x8b, 0x0a, 0x2b, 0x2a, 0x4f, 0xd4, 0x28,
    0x97, 0x1a, 0x43, 0x1e, 0x12, 0x21, 0xee, 0xc9, 0xf9, 0xce, 0x08, 0x1d, 0xe3, 0xa8, 0xf8, 0xcd,
    0xcd, 0x0f, 0xd8, 0x4d, 0xf4, 0x2f, 0xf0, 0x8e, 0xb4, 0x0a, 0x11, 0x7e, 0xde, 0x67, 0xa9, 0xaa,
    0xa9, 0x84, 0x9c, 0x78, 0x2d, 0x1e, 0x61, 0x2b, 0x31, 0x7d, 0x60, 0x98, 0x86, 0xf6, 0x20, 0x4c,
    0x21, 0x18, 0x4b, 0x82, 0x7d, 0xfc, 0xd6, 0x44, 0xac, 0x95, 0xb6, 0xc4, 0x53, 0xa3, 0x6c, 0x5f,
    0xc6, 0xc9, 0x7e, 0x1c, 0x27, 0xfb, 0x4f, 0x02, 0x27, 0xdf, 0x4b, 0x61, 0xe5, 0x73, 0xc6, 0xba,
    0x4f, 0x61, 0x4e, 0x48, 0x88, 0x23, 0x26, 0xf1, 0x58, 0xdd, 0x44, 0x94, 0x84, 0xaa, 0x11, 0xbc,
    0x49, 0xdc, 0x4a, 0x59, 0x86, 0x3c, 0x1e, 0x56, 0x8d, 0xc5, 0x07, 0xba, 0x4d, 0xc9, 0xc2, 0x53,
    0x85, 0xe0, 0x4f, 0xd9, 0x0a, 0xca, 0xa8, 0x80, 0xec, 0xf2, 0x3e, 0x6e, 0xbb, 0xb7, 0x85, 0x78,
    0x49, 0xa4, 0x20, 0xe7, 0x9c, 0x65, 0xf1, 0x00, 0x50, 0x18, 0xbf, 0x4b, 0x78, 0x3a, 0x4d, 0x6a,
    0xc0, 0xe4, 0xb4, 0x49, 0x1b, 0xff, 0x9d, 0x30, 0xed, 0x18, 0xc3, 0x3e, 0xa2, 0x1a, 0x91, 0x9a,
    0x12, 0x73, 0xd8, 0x72, 0x89, 0x80, 0x10, 0xf3, 0x0b, 0xca, 0x28, 0xcb, 0x91, 0x92, 0xe5, 0x4f,
    0x0f, 0x0e, 0x28, 0x64, 0x19, 0xfd, 0xae, 0x76, 0xfc, 0x2f, 0x64, 0x14, 0xb8, 0x89, 0x75, 0x89,
    0x80, 0xbf, 0x24, 0x49, 0xfe, 0x88, 0x25, 0x78, 0x47, 0x42, 0x25, 0x7c, 0xc4, 0x49, 0x16, 0x41,
    0xea, 0x42, 0xb1, 0x5e, 0x21, 0x75, 0xce, 0xc7, 0x71, 0xc4, 0xec, 0xe0, 0xfc, 0x11, 0xd3, 0x09,
    0x22, 0xd9, 0xd6, 0x43, 0x31, 0x46, 0x2c, 0xc3, 0x61, 0x54, 0x9f, 0x3f, 0x89, 0xcc, 0x82, 0xb2,
    0x34, 0x30, 0xff, 0x9e, 0xa2, 0xdd, 0xc1, 0x06, 0xfc, 0xa4, 0x30, 0x9d, 0xd3, 0xe8, 0x53, 0xc4,
    0xf1, 0x02, 0x2d, 0xd7, 0xeb, 0x61, 0xc2, 0xf2, 0x50, 0x77, 0x7a, 0xcc, 0x23, 0xe5, 0x3c, 0x8e,
    0x31, 0x38, 0xe4, 0xcf, 0x4a, 0xc0, 0x2e, 0xca, 0x6d, 0x2e, 0x7a, 0x8f, 0xb4, 0x22, 0x6d, 0xcc,
    0x12, 0x3b, 0x96, 0xb9, 0x6f, 0x80, 0x44, 0xef, 0xa9, 0xec, 0x50, 0xe0, 0x3f, 0x4b, 0x2d, 0xc2,
    0xd9, 0xe5, 0x11, 0x5b, 0x57, 0x09, 0x7c, 0x6c, 0x5b, 0xa2, 0x7e, 0x30, 0x25, 0x2d, 0xd8, 0x39,
    0x58, 0xfa, 0xed, 0xe4, 0x6e, 0x4d, 0x96, 0x36, 0x4e, 0x82, 0x2c, 0xbe, 0xe3, 0x1b, 0x36, 0x53,
    0x40, 0xa6, 0x62, 0x0c, 0xbf, 0xf8, 0x36, 0x45, 0x0d, 0x14, 0x57, 0xd9, 0xf8, 0xdd, 0x23, 0x82,
    0x3f, 0xe1, 0xbe, 0x5e, 0xb4, 0xc0, 0x13, 0xbd, 0xb5, 0x87, 0xd1, 0x99, 0xe4, 0x7b, 0x7b, 0x18,
    0x77, 0x47, 0xbe, 0xb9, 0xc7, 0x7e, 0x27, 0xdf, 0xdd, 0x1b, 0xf9, 0x8a, 0x6e, 0x96, 0x4a, 0x19,
    0x1f, 0x12, 0xca, 0x0a, 0x34, 0x63, 0x7b, 0x2b, 0x32, 0x14, 0xce, 0x47, 0x1f, 0xb0, 0x50, 0x1e,
    0xf0, 0xf8, 0x5b, 0xdb, 0x13, 0x92, 0xbb, 0xc3, 0x64, 0x27, 0x60, 0xcd, 0xc8, 0xe7, 0xb8, 0xc1,
    0x80, 0xe2, 0xbb, 0xbd, 0xf3, 0xbd, 0x63, 0x9a, 0x68, 0xa6, 0x39, 0xd4, 0xe4, 0xae, 0x50, 0x5e,
    0x7a, 0x12, 0xf3, 0x13, 0xaa, 0x3c, 0xe6, 0x24, 0x28, 0x4b, 0x39, 0x81, 0xe1, 0xe8, 0x6b, 0xbe,
    0xd3, 0x11, 0xe9, 0x27, 0x53, 0x98, 0x96, 0x4a, 0x5f, 0x84, 0x50, 0x81, 0x0d, 0x9b, 0x9d, 0xbd,
    0x6e, 0x4d, 0x23, 0xa0, 0x2d, 0xc3, 0x8b, 0x3a, 0x08, 0xcd, 0xca, 0x9d, 0xff, 0x9d, 0xc7, 0x0a,
    0xbb, 0xcb, 0x44, 0x38, 0x96, 0x76, 0x97, 0x72, 0xab, 0xb3, 0xb0, 0x41, 0x99, 0x58, 0x83, 0x35,
    0x80, 0xfe, 0x0c, 0xfc, 0x0d, 0xbc, 0x78, 0x15, 0x70, 0x86, 0xa5, 0x3c, 0x91, 0xc4, 0xd9, 0x67,
    0x2b, 0x2b, 0x6b, 0xcd, 0xc5, 0x18, 0x8b, 0xd8, 0x3a, 0xd5, 0xa6, 0xf2, 0x21, 0x72, 0x43, 0x29,
    0xb2, 0x0d, 0xeb, 0x38, 0x59, 0xe8, 0xff, 0xcb, 0xf1, 0xbb, 0xe3, 0x87, 0x19, 0xbb, 0xed, 0x9b,
    0x5b, 0x2e, 0xf0, 0x94, 0x7e, 0x2d, 0xe8, 0x75, 0x4d, 0xee, 0xf5, 0x5c, 0xbb, 0x1c, 0xea, 0xf2,
    0x84, 0x2d, 0x48, 0x43, 0x15, 0x8d, 0xe2, 0xd0, 0xde, 0xca, 0xd4, 0x5b, 0xb4, 0x04, 0x55, 0x7a,
    0x4f, 0x67, 0x7a, 0x13, 0xfa, 0x5a, 0xe3, 0x7d, 0xc5, 0xa3, 0x82, 0x8c, 0xbd, 0xad, 0x7d, 0x7b,
    0xbd, 0xad, 0x54, 0x45, 0x77, 0x01, 0xb5, 0xb3, 0x4f, 0x6f, 0xf5, 0xdb, 0xeb, 0x31, 0x0a, 0xc4,
    0x4c, 0x18, 0xc8, 0xdc, 0xdd, 0xea, 0xd2, 0xb7, 0xd7, 0x5d, 0x9e, 0x22, 0x1b, 0x45, 0xf6, 0x77,
    0x32, 0x77, 0x78, 0xa5, 0xf3, 0x74, 0xfa, 0xfb, 0x31, 0x37, 0x60, 0x1f, 0x1e, 0xff, 0x4e, 0xa8,
    0x13, 0xb8, 0xa1, 0x3c, 0x26, 0xf7, 0x92, 0x47, 0x4c, 0xbf, 0x91, 0x78, 0xdc, 0xdc, 0x77, 0xd8,
    0x0f, 0x99, 0xdf, 0xcf, 0x7d, 0x9e, 0x81, 0x1c, 0xfe, 0x6a, 0xcf, 0xc9, 0xcd, 0x1f, 0x44, 0x9b,
    0x47, 0xdd, 0x83, 0x4d, 0x2b, 0xdf, 0x59, 0x78, 0x8a, 0xf3, 0x07, 0x54, 0xea, 0x6d, 0xb6, 0x23,
    0xd1, 0x22, 0x1c, 0x08, 0x1d, 0x89, 0x5b, 0x32, 0x65, 0x13, 0x7e, 0xb0, 0x35, 0xb3, 0xad, 0xeb,
    0x88, 0xc2, 0xbe, 0xc9, 0x76, 0xa9, 0x7b, 0x68, 0x45, 0x10, 0xa2, 0xb8, 0x1a, 0x80, 0x8f, 0x9b,
    0xa8, 0x44, 0xc6, 0x2b, 0x92, 0x66, 0x51, 0x7a, 0x3d, 0x7e, 0x8b, 0x34, 0xb8, 0x5b, 0xf1, 0x63,
    0x8a, 0xfb, 0xda, 0x0d, 0x16, 0x94, 0x8d, 0x36, 0xbc, 0x37, 0xc6, 0x07, 0x37, 0xb4, 0x45, 0xed,
    0xf8, 0x37, 0xf8, 0x86, 0xac, 0xa9, 0x64, 0x01, 0xa6, 0x39, 0x38, 0xdc, 0xa0, 0xe6, 0x98, 0x01,
    0xeb, 0xf3, 0x30, 0x16, 0xd9, 0x06, 0xf6, 0x76, 0x43, 0xe9, 0xed, 0xff, 0xf9, 0x03, 0x6c, 0xf5,
    0xe5, 0xe7, 0xa0, 0xe5, 0x3f, 0x10, 0x6e, 0xbd, 0xcb, 0x39, 0x3b, 0x9a, 0x24, 0xbe, 0xf9, 0xfd,
    0x7f, 0xd4, 0x9f, 0x2b, 0xe0, 0xb9, 0xe5, 0xbb, 0xf0, 0xe6, 0xf5, 0xe0, 0x79, 0xfd, 0x9b, 0x9b,
    0xef, 0x57, 0xe8, 0x0d, 0xb3, 0x4c, 0xdc, 0x92, 0xea, 0xac, 0xc3, 0x8b, 0xd9, 0x84, 0x5d, 0x5d,
    0x5b, 0xd0, 0x40, 0x1a, 0xc5, 0x64, 0x63, 0xa6, 0xeb, 0x3a, 0xee, 0xc6, 0xb0, 0xed, 0x03, 0x94,
    0xf3, 0xba, 0x46, 0x3f, 0x8b, 0x3d, 0x6b, 0xab, 0xa7, 0x37, 0xe2, 0x45, 0xc2, 0x12, 0x7d, 0xab,
    0xc3, 0x6e, 0x37, 0x02, 0x24, 0x3a, 0xd4, 0x8e, 0x96, 0x15, 0x97, 0xeb, 0xa3, 0x20, 0xf0, 0x7a,
    0xbe, 0xf2, 0x44, 0x3d, 0x75, 0x63, 0x7e, 0x9c, 0xf9, 0x98, 0x21, 0x82, 0xa4, 0x67, 0x35, 0xd3,
    0x64, 0xe2, 0xf5, 0xfd, 0xfe, 0xe6, 0x84, 0x93, 0xe6, 0x78, 0xde, 0xcc, 0x56, 0x14, 0xa8, 0xb4,
    0x47, 0x4e, 0xcb, 0xfd, 0x48, 0xa2, 0x7a, 0x2c, 0x0a, 0x41, 0x08, 0x8e, 0xde, 0xcb, 0xf0, 0xf6,
    0x99, 0x13, 0xed, 0x84, 0xd0, 0x6d, 0x8e, 0xeb, 0x6e, 0x90, 0xff, 0x05, 0x0f, 0x85, 0x14, 0x26,
    0x3e, 0xa3, 0x30, 0x70, 0xe1, 0x4f, 0xee, 0x11, 0x21, 0xe2, 0xc1, 0xe1, 0xc1, 0xbf, 0x8f, 0x6e,
    0x67, 0x62, 0xa1, 0xb1, 0x68, 0x91, 0x9e, 0x00, 0x91, 0xfb, 0x2e, 0xfc, 0xd7, 0x93, 0x94, 0xd4,
    0x73, 0x8b, 0xf0, 0x93, 0x1e, 0xfd, 0x07, 0xc3, 0xe4, 0xf0, 0xc1, 0x27, 0x44, 0x8c, 0x44, 0x6f,
    0xc1, 0x43, 0x60, 0x07, 0x95, 0xe5, 0x66, 0xf0, 0xf3, 0xb9, 0xe0, 0xdb, 0x8f, 0x35, 0x74, 0x16,
    0x40, 0x42, 0x96, 0x1e, 0x85, 0x31, 0x3b, 0xd9, 0xc3, 0x45, 0x68, 0x9e, 0x29, 0x4b, 0xe8, 0xce,
    0xf2, 0xbc, 0xe1, 0x9b, 0x71, 0x0f, 0xef, 0xa4, 0xb1, 0xa9, 0xde, 0x1e, 0xd2, 0xfb, 0xd0, 0xe5,
    0xe3, 0xec, 0x59, 0xf8, 0x78, 0xa6, 0xd5, 0x12, 0x80, 0xf3, 0x7b, 0x41, 0x13, 0xf0, 0x82, 0xf9,
    0x64, 0xd0, 0xe0, 0x3b, 0x78, 0x75, 0x1e, 0xf1, 0xa9, 0xb5, 0x22, 0xce, 0x4e, 0x71, 0xd5, 0x8a,
    0x86, 0x6d, 0x6d, 0x0d, 0x1a, 0x6d, 0x13, 0xcd, 0xc3, 0xe2, 0xf4, 0x96, 0x05, 0x07, 0x64, 0x1e,
    0x13, 0x3b, 0xe4, 0xd1, 0xd0, 0xd8, 0x74, 0xec, 0x4e, 0xe0, 0x76, 0xb0, 0x34, 0xdc, 0xd5, 0xca,
    0xcd, 0x4d, 0xc7, 0xed, 0x98, 0x6e, 0x71, 0xd3, 0xf1, 0x7d, 0xa7, 0xdf, 0xa8, 0xc0, 0x33, 0xcf,
    0xb1, 0xad, 0x8e, 0xf6, 0x6c, 0xb9, 0x5b, 0x5b, 0x5a, 0x2e, 0xab, 0xfe, 0x26, 0x92, 0xb3, 0x89,
    0xdf, 0x11, 0x33, 0x42, 0xd8, 0xd0, 0x69, 0x63, 0x4f, 0xad, 0x6e, 0x97, 0x7c, 0x05, 0x69, 0xd5,
    0xf0, 0x57, 0x71, 0xe8, 0x78, 0x18, 0x44, 0x2c, 0xf8, 0x3d, 0x30, 0xb7, 0xd8, 0x1c, 0x02, 0xc1,
    0xf4, 0x5b, 0xe4, 0xea, 0x8c, 0x49, 0x9f, 0xc4, 0xfa, 0x0f, 0x5d, 0x73, 0x3b, 0x3a, 0x49, 0xc5,
    0x0a, 0x73, 0xdb, 0xef, 0x18, 0xd7, 0xbd, 0x16, 0xcc, 0x96, 0xef, 0x15, 0xb1, 0x18, 0xfc, 0xcd,
    0x33, 0xfd, 0x91, 0x70, 0x0c, 0x5e, 0xae, 0x97, 0x4b, 0x65, 0x1e, 0xe8, 0x13, 0xb8, 0xbf, 0x07,
    0xa8, 0xd9, 0x81, 0x4e, 0x19, 0x2e, 0x2b, 0x6e, 0xb8, 0x58, 0x4e, 0xbc, 0xc0, 0xb2, 0x50, 0x98,
    0x7a, 0x41, 0xba, 0xa5, 0xb1, 0xe9, 0xe5, 0xd8, 0x08, 0x16, 0x45, 0x19, 0x0c, 0x99, 0x94, 0x8f,
    0x50, 0x75, 0x73, 0x7f, 0x5f, 0x5a, 0x8d, 0xd0, 0xdf, 0x85, 0xbe, 0xeb, 0xb4, 0x40, 0x12, 0xe2,
    0xf2, 0xfd, 0x14, 0x3b, 0xa1, 0xc8, 0xac, 0x53, 0xcb, 0x9b, 0xfe, 0xb4, 0xf2, 0xb0, 0x4b, 0x73,
    0x2f, 0x9c, 0x9c, 0x34, 0xf1, 0x0b, 0x3c, 0x26, 0x31, 0x3d, 0x49, 0x03, 0x01, 0x7f, 0x70, 0xdc,
    0xd1, 0x67, 0x66, 0x69, 0x78, 0x4d, 0xd9, 0xf1, 0xa7, 0xf6, 0x72, 0x90, 0x50, 0x5e, 0x20, 0x05,
    0xcd, 0xd2, 0x22, 0x51, 0x2e, 0x1a, 0xa5, 0x6c, 0xc5, 0xf1, 0x86, 0x79, 0xa3, 0x29, 0x0f, 0x93,
    0xfc, 0x64, 0xea, 0xf5, 0xfa, 0x04, 0x87, 0x9f, 0x55, 0xc9, 0xdf, 0x47, 0xc9, 0xfd, 0xfa, 0x86,
    0xec, 0xf3, 0xb3, 0x1f, 0x30, 0x5c, 0x74, 0x50, 0x55, 0x02, 0xa6, 0x4c, 0x62, 0xb0, 0xdd, 0x8d,
    0x48, 0x95, 0x08, 0xa3, 0x95, 0xde, 0x64, 0x0a, 0x30, 0x05, 0x00, 0xdb, 0xbd, 0x8d, 0x61, 0xdf,
    0x1a, 0x6c, 0xec, 0x18, 0x6e, 0x5f, 0x8d, 0x09, 0x19, 0x3c, 0x9e, 0x09, 0x94, 0xb1, 0x9b, 0x08,
    0x8a, 0x3f, 0x9e, 0xb5, 0x57, 0x18, 0x42, 0x24, 0xde, 0x29, 0x78, 0x3a, 0x6b, 0x9f, 0x12, 0x00,
    0xb1, 0xa7, 0x59, 0x01, 0x51, 0x78, 0x67, 0x68, 0x3c, 0x12, 0x34, 0x12, 0x1f, 0xcd, 0x06, 0xc2,
    0xd8, 0x8d, 0x81, 0x30, 0x76, 0xb3, 0x82, 0x30, 0xbb, 0xdd, 0x0d, 0x5f, 0x8e, 0x32, 0xc3, 0x1e,
    0x04, 0xd5, 0xcb, 0xd3, 0xab, 0x6f, 0x47, 0xab, 0x6f, 0x87, 0xd5, 0xab, 0x19, 0x5a, 0xaf, 0x46,
    0x5b, 0xaf, 0xce, 0xd4, 0x7a, 0xb4, 0xfa, 0x76, 0x75, 0xa6, 0xd6, 0x6b, 0xd1, 0xd6, 0x6b, 0x33,
    0xb5, 0x1e, 0xad, 0xbe, 0x5d, 0x93, 0x5b, 0x9f, 0x94, 0x4c, 0x3a, 0xea, 0xd0, 0x46, 0x9e, 0x6b,
    0x05, 0x0c, 0x5f, 0x27, 0xfb, 0xb4, 0x79, 0x06, 0x4b, 0xc7, 0xa6, 0xe6, 0x7a, 0x8b, 0x90, 0x66,
    0xa6, 0xe4, 0x45, 0xe9, 0xb4, 0x4e, 0x99, 0xde, 0x02, 0xe2, 0xcc, 0x0a, 0x2c, 0x89, 0xce, 0x39,
    0x24, 0x4e, 0x9b, 0x33, 0x41, 0x8a, 0x90, 0x79, 0xd8, 0x27, 0x20, 0xa9, 0x59, 0xbb, 0x24, 0xd1,
    0x66, 0xd8, 0xa3, 0x59, 0xe1, 0xa8, 0x34, 0xce, 0xf2, 0x45, 0x21, 0xf4, 0xac, 0x40, 0xa2, 0xf4,
    0x2d, 0x20, 0x18, 0xbb, 0xb3, 0x41, 0x08, 0xc9, 0x3b, 0x5f, 0x60, 0xc4, 0x99, 0xb5, 0xbe, 0x4a,
    0xdb, 0xac, 0xf6, 0xf6, 0x4c, 0xb5, 0xb7, 0x23, 0xb5, 0xfd, 0xea, 0x4c, 0x6d, 0x57, 0x23, 0x6d,
    0xcf, 0x54, 0x7b, 0x3b, 0x52, 0xdb, 0xaf, 0xcd, 0xd4, 0x76, 0x2d, 0xd2, 0xf6, 0x4c, 0xb5, 0x43,
    0xb2, 0xfe, 0x5e, 0x65, 0xaf, 0x9b, 0x10, 0xff, 0xdb, 0xb4, 0xc5, 0xad, 0x27, 0x6f, 0xeb, 0x84,
    0xf7, 0x9e, 0xa0, 0xe2, 0x69, 0xd2, 0x7b, 0x45, 0xda, 0x3d, 0xc5, 0x3d, 0x27, 0x69, 0x38, 0x33,
    0xdc, 0x71, 0xc2, 0x59, 0xda, 0xb1, 0xba, 0x16, 0xf3, 0xe0, 0x37, 0x3b, 0x57, 0xae, 0xbc, 0xf4,
    0x3c, 0xc9, 0x47, 0x05, 0x7a, 0xda, 0x36, 0x06, 0x18, 0x37, 0x3e, 0x7a, 0x4f, 0xd6, 0x77, 0xb6,
    0xb6, 0x6c, 0xf3, 0x32, 0x48, 0x85, 0x98, 0xda, 0x88, 0xae, 0x44, 0x90, 0x1a, 0x34, 0x18, 0x4e,
    0xcb, 0x6d, 0x04, 0x45, 0x4a, 0x78, 0xf5, 0x05, 0x53, 0x12, 0x0f, 0xa1, 0xfe, 0x0e, 0x68, 0x20,
    0x7a, 0x7e, 0x2f, 0x78, 0xac, 0x63, 0xd7, 0x75, 0xba, 0x96, 0xa0, 0x0e, 0xe2, 0x53, 0x34, 0x19,
    0xa0, 0x4f, 0xf7, 0xf1, 0xdb, 0xe2, 0x42, 0x43, 0x58, 0x29, 0x80, 0x94, 0x50, 0x11, 0x2d, 0x4c,
    0x68, 0x04, 0xf9, 0x52, 0xb9, 0x57, 0x89, 0xa3, 0xc3, 0x1d, 0xe4, 0x62, 0xcf, 0x18, 0x6c, 0xc1,
    0xb6, 0xc4, 0xc3, 0xa1, 0x67, 0xca, 0x71, 0x8b, 0x75, 0x29, 0x06, 0x96, 0x9c, 0xdf, 0x56, 0x24,
    0xcc, 0xa5, 0x8c, 0xb9, 0xa9, 0x8b, 0x44, 0x55, 0xaf, 0x5c, 0xbd, 0x80, 0x87, 0x62, 0x3c, 0xf2,
    0x7c, 0x24, 0xe7, 0x69, 0xe6, 0xe0, 0xc4, 0x04, 0xea, 0xc2, 0xe5, 0x49, 0x90, 0x08, 0x42, 0x23,
    0x48, 0xbc, 0xa0, 0x0c, 0x3e, 0xe1, 0x2e, 0x1b, 0x3e, 0xce, 0x9e, 0x2e, 0x2a, 0x46, 0x73, 0x1e,
    0x9b, 0xc3, 0x4d, 0xc3, 0x6d, 0x4d, 0xee, 0x34, 0x6b, 0x62, 0x03, 0x0a, 0x8a, 0x1b, 0x4d, 0x96,
    0x6f, 0x9b, 0xd3, 0x2a, 0xb1, 0x61, 0x6e, 0x50, 0x59, 0x1e, 0x83, 0xba, 0x64, 0x79, 0x18, 0xcd,
    0xcd, 0xf3, 0x37, 0x36, 0x1d, 0xc7, 0xa7, 0x1c, 0xdd, 0xee, 0xc8, 0xd4, 0x6f, 0xdc, 0xf0, 0x4a,
    0x2c, 0x44, 0x59, 0x4b, 0x0f, 0x5f, 0xeb, 0x18, 0x84, 0xc6, 0x15, 0xc4, 0xea, 0x79, 0x57, 0x4d,
    0x8c, 0x94, 0x25, 0xbb, 0xe1, 0x6b, 0x15, 0xd0, 0x8a, 0x85, 0x4e, 0xec, 0x1a, 0x1d, 0x6b, 0xe4,
    0x35, 0x96, 0xe1, 0x89, 0xec, 0xa0, 0xbc, 0x6a, 0xf6, 0x9b, 0x7d, 0xc3, 0xdd, 0xb2, 0x06, 0x81,
    0xd6, 0x4c, 0x95, 0x82, 0xfc, 0xd8, 0x8d, 0x67, 0x2b, 0x9b, 0x15, 0xb3, 0x26, 0x74, 0x6b, 0x59,
    0xa9, 0xee, 0xd6, 0x57, 0xda, 0xa0, 0xb0, 0x72, 0xfd, 0xa6, 0xdb, 0x6d, 0xb7, 0x57, 0xcb, 0x80,
    0xb1, 0xa8, 0x1e, 0x46, 0x30, 0x96, 0x79, 0x6f, 0x1c, 0xb0, 0x2c, 0x4c, 0x07, 0xa1, 0xbb, 0x06,
    0x91, 0x30, 0xf9, 0xfc, 0x90, 0xf1, 0x91, 0x11, 0x04, 0x95, 0xa3, 0x53, 0x64, 0x34, 0x9d, 0xe6,
    0x80, 0xd0, 0x0f, 0x59, 0x3e, 0x99, 0x03, 0x76, 0x18, 0x78, 0x7c, 0x27, 0xaf, 0x37, 0x69, 0xda,
    0x22, 0xed, 0x7c, 0x18, 0x03, 0xfd, 0x73, 0xab, 0x78, 0xc9, 0x9a, 0x86, 0x73, 0xe1, 0x94, 0xa6,
    0xe2, 0xde, 0xd4, 0x54, 0xcc, 0x01, 0x1d, 0xa0, 0x2d, 0x6f, 0xe6, 0xdc, 0xc3, 0x02, 0xf5, 0x27,
    0x55, 0x0e, 0xc2, 0xa3, 0x85, 0xb8, 0x00, 0x78, 0xf7, 0xed, 0x23, 0x01, 0xdb, 0x19, 0x02, 0x27,
    0x7b, 0x9e, 0xb9, 0x21, 0x09, 0x09, 0xa4, 0xbc, 0x6a, 0x68, 0x5c, 0x05, 0x35, 0x57, 0xc3, 0x34,
    0x2b, 0x25, 0xcf, 0xb3, 0x3a, 0x37, 0x6e, 0x90, 0x81, 0x31, 0x69, 0x59, 0xe7, 0xb6, 0x86, 0x59,
    0x16, 0x21, 0x7d, 0x09, 0x33, 0x61, 0xc0, 0x94, 0x35, 0x9c, 0x5c, 0x19, 0x6b, 0x6e, 0xe0, 0x64,
    0x44, 0x36, 0x3c, 0x79, 0x86, 0xb2, 0x80, 0xb0, 0x86, 0x71, 0x00, 0xbe, 0x01, 0x8f, 0xb3, 0x83,
    0x70, 0xa1, 0xc5, 0x08, 0x10, 0x58, 0x28, 0x7c, 0x7a, 0xe3, 0x46, 0x99, 0x8e, 0x4f, 0xee, 0x8d,
    0xdf, 0x1d, 0x8b, 0xb8, 0x7f, 0xdf, 0x17, 0x3e, 0xf4, 0x09, 0x1d, 0x47, 0xa0, 0xbb, 0x2a, 0xb9,
    0x0d, 0xbc, 0xc9, 0xbc, 0x14, 0xef, 0xf1, 0x53, 0x9a, 0xdb, 0xc8, 0x61, 0xf4, 0xef, 0x30, 0x06,
    0x9e, 0x8a, 0x89, 0x64, 0x42, 0x5f, 0x5a, 0x7b, 0x63, 0x38, 0x11, 0x09, 0x7f, 0x68, 0xec, 0x5a,
    0xc5, 0x57, 0xae, 0x16, 0xff, 0x09, 0xfe, 0x87, 0x12, 0x48, 0x3e, 0xb2, 0x0f, 0xa3, 0x88, 0xc5,
    0x92, 0xa7, 0xca, 0x02, 0x97, 0xc8, 0x71, 0xaa, 0x08, 0x61, 0x14, 0x1c, 0x81, 0x5f, 0x30, 0x9d,
    0xb6, 0x5b, 0x42, 0x9d, 0x0d, 0x28, 0xa6, 0xe7, 0x0b, 0x93, 0x6e, 0x32, 0x86, 0x65, 0x83, 0x6b,
    0xe1, 0x28, 0x40, 0xc1, 0x2c, 0xd0, 0xed, 0x6f, 0x1e, 0x0b, 0xca, 0x8f, 0x8b, 0x62, 0xdc, 0x77,
    0xe2, 0x26, 0xb9, 0x23, 0x1c, 0x70, 0x6f, 0xad, 0xdc, 0xf8, 0xb3, 0xf1, 0x07, 0xaa, 0x37, 0xc6,
    0xd7, 0x3c, 0xcc, 0x0c, 0x4f, 0x6a, 0x96, 0xc7, 0x8b, 0xe0, 0xcd, 0x44, 0x79, 0x73, 0xca, 0x54,
    0x0f, 0x4c, 0x3f, 0xe1, 0x7a, 0x9d, 0xde, 0x8c, 0xcb, 0x2f, 0x30, 0x1a, 0x4c, 0x4b, 0x80, 0x92,
    0x73, 0xc4, 0xb8, 0x40, 0x36, 0x66, 0x10, 0x7b, 0xbc, 0x56, 0xb9, 0x00, 0x0a, 0xe4, 0x65, 0xfa,
    0x5a, 0xa9, 0xab, 0x57, 0xe5, 0xfe, 0xd1, 0xf4, 0x46, 0x36, 0x5d, 0x96, 0xa3, 0xa2, 0x0b, 0x0b,
    0xa9, 0x4d, 0xcc, 0x2c, 0x20, 0xb1, 0xab, 0xfe, 0x9d, 0x92, 0x27, 0x16, 0x79, 0x2f, 0xeb, 0xd4,
    0xc2, 0xb4, 0x69, 0x39, 0x7d, 0x81, 0xf5, 0x48, 0x5f, 0xd4, 0x17, 0x44, 0xf7, 0x17, 0xf4, 0x3c,
    0x0b, 0x64, 0x82, 0x3f, 0xce, 0x89, 0xa7, 0x00, 0x38, 0xd4, 0x36, 0xa4, 0x41, 0xf1, 0x0b, 0xec,
    0x22, 0x61, 0x53, 0xa4, 0xed, 0xcf, 0xa0, 0xb5, 0xaf, 0xc8, 0xd9, 0xe8, 0x36, 0xbb, 0x44, 0x99,
    0xd0, 0x95, 0xe3, 0x3b, 0x7a, 0x33, 0x41, 0x31, 0x50, 0x90, 0x86, 0x67, 0x91, 0xe5, 0x18, 0x4c,
    0x1a, 0x06, 0xae, 0x5c, 0x2b, 0xeb, 0x02, 0x37, 0xf1, 0x8f, 0xba, 0xca, 0x2c, 0x47, 0x15, 0x14,
    0x01, 0x21, 0xff, 0x9a, 0x87, 0x81, 0x9c, 0xc5, 0x77, 0x7e, 0xcc, 0xd2, 0xa2, 0xfc, 0x72, 0xd1,
    0x8a, 0xe7, 0x6c, 0x4b, 0xd8, 0xae, 0xb1, 0x8d, 0x22, 0x54, 0x2a, 0x02, 0x79, 0xb7, 0xcd, 0x9e,
    0x63, 0x03, 0x4f, 0xc4, 0xe3, 0x72, 0x94, 0x9a, 0x98, 0xcf, 0xdd, 0x21, 0x73, 0xbc, 0xfb, 0x8a,
    0x8e, 0xca, 0x1f, 0x1d, 0xbf, 0x55, 0x3a, 0xb7, 0xe9, 0xae, 0x9f, 0xf3, 0xfa, 0x86, 0x6d, 0xaf,
    0xf3, 0xdd, 0x58, 0x78, 0x43, 0x93, 0xf3, 0x92, 0xb8, 0x5e, 0x45, 0xcc, 0x31, 0x38, 0x3c, 0x66,
    0x72, 0x18, 0x40, 0xac, 0x96, 0x96, 0xb4, 0xf1, 0xfb, 0xe3, 0xf7, 0x8f, 0xdf, 0x38, 0xb7, 0xc8,
    0x80, 0x9c, 0x5b, 0xb4, 0x2d, 0xbc, 0xa2, 0x1b, 0x5f, 0xf3, 0xd4, 0x3e, 0xe8, 0x69, 0x6b, 0xf5,
    0x61, 0x58, 0x2a, 0x6c, 0xf4, 0x70, 0xfc, 0x15, 0x8b, 0xc6, 0x10, 0x99, 0x9c, 0xd8, 0x31, 0x55,
    0xf4, 0x7d, 0x70, 0x46, 0x85, 0x89, 0x96, 0xc4, 0x4b, 0x3c, 0xa0, 0x62, 0x6b, 0x97, 0x1a, 0xac,
    0xc8, 0xb6, 0x68, 0xb5, 0x22, 0xc1, 0x20, 0xe9, 0xc2, 0x3d, 0xb1, 0xc4, 0xc2, 0x80, 0xb8, 0x20,
    0xbf, 0x61, 0xd5, 0x7a, 0x55, 0xa7, 0x24, 0x57, 0x20, 0xb6, 0x96, 0xf4, 0x82, 0xfe, 0xf3, 0x17,
    0x2e, 0xe3, 0xe7, 0xe5, 0x0b, 0xec, 0xb3, 0xca, 0xfe, 0x2c, 0xf2, 0xaf, 0x2f, 0xa0, 0x11, 0x70,
    0xe8, 0x5a, 0x9e, 0xc9, 0x9e, 0xd7, 0xf4, 0xd7, 0xb0, 0xa5, 0xa8, 0xb3, 0x1e, 0x2c, 0x90, 0xef,
    0x3a, 0x83, 0xad, 0x75, 0x7d, 0x81, 0xb5, 0x45, 0x47, 0xae, 0xec, 0x51, 0xb8, 0x7e, 0xf1, 0xab,
    0xc4, 0x74, 0x74, 0x62, 0xbc, 0x3a, 0x28, 0x19, 0x23, 0xbf, 0xf7, 0x1a, 0xb0, 0xe9, 0xf3, 0x78,
    0x5a, 0xab, 0xdd, 0xd0, 0x38, 0xd2, 0x1f, 0x8c, 0x1f, 0x68, 0x08, 0xb2, 0x0d, 0xea, 0xe1, 0xc0,
    0xb4, 0x09, 0x2a, 0x5f, 0x44, 0xc9, 0x9b, 0x40, 0x01, 0x0b, 0x00, 0x07, 0xb4, 0xe5, 0xaf, 0x17,
    0x97, 0xcb, 0x52, 0x7a, 0x2e, 0xf1, 0x70, 0xa5, 0x0e, 0x0f, 0xf9, 0x66, 0xdb, 0xd0, 0xf9, 0x35,
    0x60, 0x6c, 0xf5, 0x0c, 0x75, 0x1e, 0x0b, 0x05, 0x82, 0x42, 0xe0, 0x5c, 0x06, 0x43, 0x16, 0x31,
    0x98, 0x22, 0x39, 0xbe, 0x3d, 0xd3, 0x6e, 0xf9, 0x3d, 0xcb, 0x2b, 0x0d, 0x0d, 0x17, 0x16, 0xe3,
    0xa7, 0x20, 0xe3, 0x26, 0x45, 0x55, 0xf0, 0x38, 0x9f, 0x95, 0x22, 0x0c, 0xfc, 0x12, 0xb0, 0xe0,
    0x97, 0xe7, 0xe0, 0x85, 0x58, 0xfe, 0x5f, 0x62, 0xd8, 0x3e, 0xd3, 0x7e, 0xf5, 0x97, 0xaf, 0x25,
    0xc4, 0x23, 0x93, 0x00, 0x50, 0x73, 0x91, 0x70, 0x66, 0xd2, 0xeb, 0x18, 0x5b, 0xa7, 0xf2, 0x5b,
    0x29, 0xb8, 0x91, 0x9f, 0xc2, 0xf0, 0x45, 0xde, 0x21, 0xb6, 0xb5, 0x32, 0xe5, 0x3a, 0xda, 0x42,
    0x73, 0x9f, 0xf1, 0x0a, 0x39, 0x7e, 0x94, 0x6d, 0xa1, 0x81, 0x39, 0x23, 0x8f, 0x4a, 0xd8, 0x27,
    0x4e, 0xc6, 0x4c, 0x4f, 0xb2, 0x79, 0x4d, 0xe3, 0x4e, 0x89, 0xf7, 0xc6, 0x81, 0x67, 0x45, 0xcc,
    0x39, 0x89, 0x5c, 0x3a, 0x8d, 0xd7, 0x64, 0xa9, 0x9b, 0x99, 0xc3, 0x73, 0x7b, 0x7d, 0xd2, 0xdc,
    0x70, 0x13, 0x96, 0x2a, 0xe9, 0x84, 0xe1, 0x95, 0x48, 0x23, 0x8b, 0xc7, 0xc7, 0x3c, 0x99, 0xcd,
    0x85, 0xb1, 0x17, 0x44, 0x94, 0xd6, 0xcc, 0x28, 0x55, 0x02, 0xcc, 0xec, 0xe7, 0xc8, 0x9a, 0xf0,
    0x0c, 0x3e, 0x3f, 0x7b, 0x36, 0x8a, 0x63, 0x79, 0x02, 0x1c, 0xc3, 0x3c, 0x92, 0x25, 0x70, 0xed,
    0xa6, 0x4b, 0xa7, 0x58, 0x4c, 0xb4, 0xc7, 0x38, 0xe1, 0xf0, 0xf2, 0xf4, 0x9a, 0x20, 0x56, 0xc6,
    0x2a, 0x4e, 0x34, 0x67, 0xb2, 0x21, 0x7a, 0xdc, 0xed, 0x82, 0xeb, 0xbc, 0x98, 0x60, 0x81, 0x58,
    0x70, 0xdc, 0xd2, 0x38, 0x7e, 0x8f, 0x3c, 0x49, 0xef, 0xb1, 0xfb, 0x1c, 0x1a, 0x79, 0xf6, 0xde,
    0x09, 0xf7, 0xaf, 0x1c, 0x0d, 0x3e, 0x6e, 0xe0, 0x0c, 0x2d, 0x9a, 0x62, 0x83, 0x57, 0x5a, 0xc3,
    0x3e, 0x73, 0xbe, 0x72, 0x6e, 0x35, 0xa9, 0xd5, 0x8f, 0x03, 0xb3, 0xc4, 0xdb, 0xec, 0x6a, 0xf5,
    0x03, 0xd8, 0x50, 0x0f, 0x51, 0xbd, 0xfd, 0x9c, 0x59, 0xf7, 0xf8, 0x3e, 0xc8, 0xee, 0x7e, 0xe0,
    0x85, 0xab, 0x55, 0x8d, 0xf9, 0x1d, 0xd3, 0x7d, 0x16, 0xba, 0x56, 0x32, 0x5b, 0xaf, 0xaa, 0x67,
    0xcf, 0xb2, 0x19, 0xcf, 0xde, 0x2f, 0x92, 0x63, 0x9f, 0x60, 0xe7, 0x32, 0x0a, 0xf1, 0x98, 0x43,
    0x84, 0x84, 0xf8, 0x04, 0xa9, 0x3c, 0x3e, 0x82, 0xa8, 0xb1, 0x9a, 0xae, 0x2a, 0x1c, 0xa5, 0x39,
    0x54, 0x1f, 0x90, 0x28, 0x1e, 0xef, 0x2a, 0xdf, 0xb6, 0x12, 0xa4, 0x5e, 0xd3, 0xf7, 0x81, 0x1f,
    0x78, 0x73, 0xb7, 0xf2, 0xef, 0xe1, 0x3a, 0x35, 0xf0, 0xa3, 0x80, 0x7a, 0x37, 0xa2, 0x6b, 0x83,
    0x2b, 0x4f, 0x3a, 0x3d, 0x41, 0x9c, 0x6a, 0xe0, 0x07, 0x3d, 0xe1, 0x84, 0xd1, 0x60, 0x6b, 0x8a,
    0x8f, 0xf6, 0xb3, 0x9c, 0x11, 0xa4, 0x4a, 0xe3, 0xce, 0xb5, 0x24, 0x74, 0x88, 0x59, 0xfe, 0x9f,
    0xd1, 0xb8, 0x5d, 0x2e, 0xf3, 0x44, 0xb2, 0x23, 0x00, 0xbe, 0x41, 0xc4, 0x5b, 0x90, 0x58, 0x31,
    0x4a, 0x6d, 0xd0, 0x13, 0xd3, 0x75, 0x61, 0x38, 0xd4, 0x20, 0x86, 0x21, 0xb8, 0xcb, 0xef, 0x65,
    0xe3, 0xb1, 0x43, 0x7e, 0x02, 0x52, 0x25, 0xb3, 0xe6, 0xf8, 0xce, 0x16, 0xef, 0xc2, 0x9f, 0x63,
    0x17, 0xc1, 0x1e, 0x27, 0xa1, 0xcb, 0x5f, 0x43, 0x4f, 0xfd, 0x94, 0xb1, 0x76, 0xbb, 0x6b, 0xab,
    0xe5, 0x72, 0x24, 0x6a, 0x1a, 0xf1, 0x4c, 0x16, 0xfd, 0xca, 0xb9, 0x70, 0x99, 0x73, 0x7e, 0xe2,
    0x99, 0x43, 0xd7, 0xe9, 0x0f, 0x41, 0x7e, 0x8c, 0xb2, 0xa0, 0xaf, 0x25, 0x1a, 0x4c, 0x35, 0x39,
    0x80, 0x9a, 0x49, 0xd7, 0x0b, 0x4a, 0x12, 0xed, 0x95, 0xf2, 0x0d, 0xc6, 0xf6, 0x9e, 0x61, 0x68,
    0x12, 0xe1, 0x42, 0x86, 0x6d, 0xba, 0xd8, 0xdc, 0x5c, 0x78, 0x4f, 0x3e, 0xa0, 0xe2, 0xa7, 0x4d,
    0x22, 0xd5, 0x90, 0x3e, 0x64, 0xca, 0x90, 0x68, 0x02, 0x3f, 0x90, 0x1a, 0x52, 0x56, 0x01, 0x76,
    0xa3, 0x24, 0x93, 0x3f, 0x08, 0x86, 0x98, 0x89, 0x2f, 0xd2, 0xe9, 0x18, 0x94, 0x4b, 0x54, 0x8c,
    0x89, 0x48, 0x6d, 0x67, 0xd0, 0xb5, 0xdc, 0x3e, 0xcc, 0xe9, 0xa7, 0x22, 0x1f, 0x30, 0x9b, 0xbf,
    0xbb, 0x2c, 0xe6, 0x45, 0xd4, 0x6a, 0x7d, 0x14, 0x6c, 0x2c, 0xe7, 0x35, 0x0a, 0x3c, 0x10, 0xb9,
    0xaa, 0x92, 0xcc, 0xa5, 0x8e, 0x22, 0x77, 0x52, 0x63, 0x50, 0x4b, 0x7a, 0x7e, 0xa6, 0xf1, 0x84,
    0x03, 0x22, 0x19, 0xe2, 0x12, 0xda, 0xa0, 0x7e, 0xe8, 0x38, 0xfe, 0xdc, 0x0f, 0x42, 0x4e, 0x72,
    0x3a, 0x11, 0x46, 0x8a, 0x23, 0xf6, 0x5f, 0x04, 0x6c, 0x1a, 0x61, 0x4a, 0x92, 0xfd, 0xf0, 0xb8,
    0x86, 0x08, 0x2c, 0xda, 0xf5, 0xa6, 0x54, 0x31, 0x30, 0xe3, 0x80, 0x06, 0xd1, 0x76, 0xad, 0xa1,
    0x0f, 0x0a, 0x0b, 0x22, 0x14, 0xfc, 0xe9, 0xf9, 0x7d, 0x7b, 0xfd, 0xff, 0x07, 0x78, 0x46, 0x96,
    0xe7, 0x09, 0x74, 0x01, 0x00,
};
